-- phpMyAdmin SQL Dump
-- version 4.4.10
-- http://www.phpmyadmin.net
--
-- Host: localhost:3306
-- Generation Time: Jan 26, 2017 at 05:23 AM
-- Server version: 5.5.42
-- PHP Version: 5.5.26

SET SQL_MODE = "NO_AUTO_VALUE_ON_ZERO";
SET time_zone = "+00:00";

--
-- Database: `swimfed_db`
--

-- --------------------------------------------------------

--
-- Table structure for table `tbl_admin_logs`
--

CREATE TABLE `tbl_admin_logs` (
  `id` int(11) NOT NULL,
  `username` varchar(255) COLLATE utf8_unicode_ci NOT NULL,
  `controller` varchar(300) COLLATE utf8_unicode_ci NOT NULL,
  `message` text COLLATE utf8_unicode_ci,
  `action` varchar(30) COLLATE utf8_unicode_ci NOT NULL,
  `created_on` datetime NOT NULL
) ENGINE=InnoDB AUTO_INCREMENT=81 DEFAULT CHARSET=utf8 COLLATE=utf8_unicode_ci;

--
-- Dumping data for table `tbl_admin_logs`
--

INSERT INTO `tbl_admin_logs` (`id`, `username`, `controller`, `message`, `action`, `created_on`) VALUES
(1, 'Aneesh Ponnappan', 'Clubs', 'Clubs added with new title :- Dubai Golf Club', 'add', '2017-01-16 10:52:28'),
(2, 'Aneesh Ponnappan', 'Clubs', 'Member status changed : ', 'member_status', '2017-01-16 10:57:59'),
(3, 'Aneesh Ponnappan', 'Clubs', 'Member status changed : ', 'member_status', '2017-01-16 10:58:48'),
(4, 'Aneesh Ponnappan', 'Clubs', 'Member status changed : ', 'member_status', '2017-01-16 10:59:55'),
(5, 'Dubai Golf Club', 'Clubs', 'Clubs added with new title :- Alain Club', 'add', '2017-01-18 01:27:48'),
(6, 'Alain Club', 'Clubs', 'Member status changed : ', 'member_status', '2017-01-18 01:40:09'),
(7, 'Alain Club', 'Clubs', 'Clubs deleted a club with name :- Alain Club', 'delete', '2017-01-18 03:10:06'),
(8, 'Alain Club', 'Clubs', 'Clubs added with new title :- ALWAHDA CLUB COMPANY FOR SPORTS', 'add', '2017-01-18 03:22:13'),
(9, 'ALWAHDA CLUB COMPANY FOR SPORTS', 'Clubs', 'Clubs added with new title :- I N D U SPORTS SERVICES ( INDUSS )', 'add', '2017-01-19 05:00:52'),
(10, 'Aneesh Ponnappan', 'Clubs', 'Clubs added with new title :- I N D U SPORTS SERVICES ( INDUSS )', 'add', '2017-01-19 05:19:59'),
(11, 'Aneesh Ponnappan', 'Clubs', 'Clubs deleted a club with name :- I N D U SPORTS SERVICES ( INDUSS )', 'delete', '2017-01-19 05:20:13'),
(12, 'Aneesh Ponnappan', 'Clubs', 'Clubs added with new title :- AL JAZIRA COMPANY FOR OTHER SPORTS L.L.C', 'add', '2017-01-24 09:24:45'),
(13, 'Aneesh Ponnappan', 'Clubs', 'Clubs added with new title :- Omar', 'add', '2017-01-24 10:58:35'),
(14, 'Omar', 'Clubs', 'Clubs deleted a club with name :- Omar', 'delete', '2017-01-24 11:12:03'),
(15, 'Omar', 'Clubs', 'Clubs deleted a club with name :- Dubai Golf Club', 'delete', '2017-01-24 11:12:22'),
(16, 'Aneesh Ponnappan', 'Clubs', 'Member status changed : ', 'member_status', '2017-01-24 03:40:29'),
(17, 'Aneesh Ponnappan', 'Clubs', 'Member status changed : ', 'member_status', '2017-01-24 03:43:02'),
(18, 'Aneesh Ponnappan', 'Clubs', 'Member status changed : ', 'member_status', '2017-01-24 03:44:04'),
(19, 'Aneesh Ponnappan', 'Clubs', 'Member status changed : ', 'member_status', '2017-01-24 03:46:14'),
(20, 'Aneesh Ponnappan', 'Clubs', 'Clubs added with new title :- ALWASL SPORTS CLUB', 'add', '2017-01-24 07:15:36'),
(21, 'ALWASL SPORTS CLUB', 'Clubs', 'Clubs added with new title :- Al Dhaid Cultural & Sports Club', 'add', '2017-01-24 07:39:00'),
(22, 'Aneesh Ponnappan', 'Clubs', 'Clubs added with new title :- MODERN SWIM ACADEMY', 'add', '2017-01-24 09:21:38'),
(23, 'Aneesh Ponnappan', 'Clubs', 'Clubs deleted a club with name :- MODERN SWIM ACADEMY', 'delete', '2017-01-24 09:24:43'),
(24, 'Aneesh Ponnappan', 'Clubs', 'Clubs added with new title :- MODERN SWIM ACADEMY', 'add', '2017-01-24 09:26:07'),
(25, 'Aneesh Ponnappan', 'Clubs', 'Clubs added with new title :- Water Nation Sports Academy LLC', 'add', '2017-01-25 07:14:14'),
(26, 'Aneesh Ponnappan', 'Clubs', 'Clubs deleted a club with name :- Water Nation Sports Academy LLC', 'delete', '2017-01-25 07:14:36'),
(27, 'Aneesh Ponnappan', 'Clubs', 'Clubs added with new title :- WATER NATION SPORTS ACADEMY LLC', 'add', '2017-01-25 07:16:17'),
(28, 'ALWAHDA CLUB COMPANY FOR SPORTS', 'Clubs', 'Member status changed : ', 'member_status', '2017-01-25 11:49:35'),
(29, 'ALWAHDA CLUB COMPANY FOR SPORTS', 'Clubs', 'Member status changed : ', 'member_status', '2017-01-25 01:02:37'),
(30, 'Aneesh Ponnappan', 'Clubs', 'Member status changed : ', 'member_status', '2017-01-25 05:23:15'),
(31, 'Aneesh Ponnappan', 'Clubs', 'Member status changed : ', 'member_status', '2017-01-25 05:33:35'),
(32, 'Aneesh Ponnappan', 'Clubs', 'Member status changed : ', 'member_status', '2017-01-25 05:35:01'),
(33, 'Aneesh Ponnappan', 'Clubs', 'Clubs added with new title :- DIBBA FUJAIRAH SPORTS CLUB', 'add', '2017-01-25 06:00:18'),
(34, 'DIBBA FUJAIRAH SPORTS CLUB', 'Clubs', 'Clubs added with new title :- SHARJAH SPOT CLUB', 'add', '2017-01-25 07:21:37'),
(35, 'SHARJAH SPOT CLUB', 'Clubs', 'Clubs added with new title :- Alain Club', 'add', '2017-01-25 08:33:15'),
(36, 'Aneesh Ponnappan', 'Clubs', 'Member status changed : ', 'member_status', '2017-01-26 03:45:12'),
(37, 'Aneesh Ponnappan', 'Clubs', 'Member status changed : ', 'member_status', '2017-01-26 03:46:21'),
(38, 'Aneesh Ponnappan', 'Clubs', 'Member status changed : ', 'member_status', '2017-01-26 03:46:45'),
(39, 'Aneesh Ponnappan', 'Clubs', 'Member status changed : ', 'member_status', '2017-01-26 03:46:57'),
(40, 'Aneesh Ponnappan', 'Clubs', 'Member status changed : ', 'member_status', '2017-01-26 03:47:10'),
(41, 'Aneesh Ponnappan', 'Clubs', 'Member status changed : ', 'member_status', '2017-01-26 03:47:22'),
(42, 'Aneesh Ponnappan', 'Clubs', 'Member status changed : ', 'member_status', '2017-01-26 03:47:38'),
(43, 'Aneesh Ponnappan', 'Clubs', 'Member status changed : ', 'member_status', '2017-01-26 03:48:39'),
(44, 'Aneesh Ponnappan', 'Clubs', 'Member status changed : ', 'member_status', '2017-01-26 03:48:56'),
(45, 'Aneesh Ponnappan', 'Clubs', 'Member status changed : ', 'member_status', '2017-01-26 03:49:09'),
(46, 'Aneesh Ponnappan', 'Clubs', 'Member status changed : ', 'member_status', '2017-01-26 03:49:25'),
(47, 'Aneesh Ponnappan', 'Clubs', 'Member status changed : ', 'member_status', '2017-01-26 03:49:46'),
(48, 'Aneesh Ponnappan', 'Clubs', 'Member status changed : ', 'member_status', '2017-01-26 03:50:01'),
(49, 'Aneesh Ponnappan', 'Clubs', 'Member status changed : ', 'member_status', '2017-01-26 03:50:17'),
(50, 'Aneesh Ponnappan', 'Clubs', 'Member status changed : ', 'member_status', '2017-01-26 03:50:31'),
(51, 'Aneesh Ponnappan', 'Clubs', 'Member status changed : ', 'member_status', '2017-01-26 03:50:47'),
(52, 'Aneesh Ponnappan', 'Clubs', 'Member status changed : ', 'member_status', '2017-01-26 03:51:03'),
(53, 'Aneesh Ponnappan', 'Clubs', 'Member status changed : ', 'member_status', '2017-01-26 03:51:20'),
(54, 'Aneesh Ponnappan', 'Clubs', 'Member status changed : ', 'member_status', '2017-01-26 03:51:39'),
(55, 'Aneesh Ponnappan', 'Clubs', 'Member status changed : ', 'member_status', '2017-01-26 03:51:53'),
(56, 'Aneesh Ponnappan', 'Clubs', 'Member status changed : ', 'member_status', '2017-01-26 03:52:11'),
(57, 'Aneesh Ponnappan', 'Clubs', 'Member status changed : ', 'member_status', '2017-01-26 03:52:27'),
(58, 'Aneesh Ponnappan', 'Clubs', 'Member status changed : ', 'member_status', '2017-01-26 03:52:49'),
(59, 'Aneesh Ponnappan', 'Clubs', 'Member status changed : ', 'member_status', '2017-01-26 03:53:05'),
(60, 'Aneesh Ponnappan', 'Clubs', 'Member status changed : ', 'member_status', '2017-01-26 03:53:21'),
(61, 'Aneesh Ponnappan', 'Clubs', 'Member status changed : ', 'member_status', '2017-01-26 03:53:39'),
(62, 'Aneesh Ponnappan', 'Clubs', 'Member status changed : ', 'member_status', '2017-01-26 03:54:21'),
(63, 'Aneesh Ponnappan', 'Clubs', 'Member status changed : ', 'member_status', '2017-01-26 03:55:16'),
(64, 'Aneesh Ponnappan', 'Clubs', 'Member status changed : ', 'member_status', '2017-01-26 03:55:40'),
(65, 'Aneesh Ponnappan', 'Clubs', 'Member status changed : ', 'member_status', '2017-01-26 06:06:47'),
(66, 'Aneesh Ponnappan', 'Clubs', 'Member status changed : ', 'member_status', '2017-01-26 06:06:57'),
(67, 'Aneesh Ponnappan', 'Clubs', 'Member status changed : ', 'member_status', '2017-01-26 06:07:10'),
(68, 'Aneesh Ponnappan', 'Clubs', 'Member status changed : ', 'member_status', '2017-01-26 06:07:28'),
(69, 'Aneesh Ponnappan', 'Clubs', 'Member status changed : ', 'member_status', '2017-01-26 06:07:42'),
(70, 'Aneesh Ponnappan', 'Clubs', 'Member status changed : ', 'member_status', '2017-01-26 06:07:59'),
(71, 'Aneesh Ponnappan', 'Clubs', 'Member status changed : ', 'member_status', '2017-01-26 06:08:15'),
(72, 'Aneesh Ponnappan', 'Clubs', 'Member status changed : ', 'member_status', '2017-01-26 06:08:29'),
(73, 'Aneesh Ponnappan', 'Clubs', 'Member status changed : ', 'member_status', '2017-01-26 06:08:57'),
(74, 'Aneesh Ponnappan', 'Clubs', 'Member status changed : ', 'member_status', '2017-01-26 06:09:11'),
(75, 'Aneesh Ponnappan', 'Clubs', 'Member status changed : ', 'member_status', '2017-01-26 06:09:23'),
(76, 'Aneesh Ponnappan', 'Clubs', 'Member status changed : ', 'member_status', '2017-01-26 06:09:40'),
(77, 'Aneesh Ponnappan', 'Clubs', 'Member status changed : ', 'member_status', '2017-01-26 06:09:55'),
(78, 'Aneesh Ponnappan', 'Clubs', 'Member status changed : ', 'member_status', '2017-01-26 06:10:14'),
(79, 'Aneesh Ponnappan', 'Clubs', 'Member status changed : ', 'member_status', '2017-01-26 06:10:45'),
(80, 'WATER NATION SPORTS ACADEMY LLC', 'Clubs', 'Member status changed : ', 'member_status', '2017-01-26 06:17:28');

-- --------------------------------------------------------

--
-- Table structure for table `tbl_clubs`
--

CREATE TABLE `tbl_clubs` (
  `id` int(11) NOT NULL,
  `image1` varchar(255) DEFAULT NULL,
  `name` varchar(255) NOT NULL,
  `email` varchar(255) NOT NULL,
  `emirate` varchar(30) NOT NULL,
  `address` varchar(255) DEFAULT NULL,
  `pincode` varchar(20) DEFAULT NULL,
  `url` varchar(255) DEFAULT NULL,
  `contact_person` varchar(255) DEFAULT NULL,
  `contact_no` varchar(20) DEFAULT NULL,
  `fax_no` varchar(20) DEFAULT NULL,
  `club_code` varchar(255) NOT NULL,
  `username` varchar(255) NOT NULL,
  `unique_token` varchar(255) NOT NULL,
  `hash_key` varchar(255) NOT NULL,
  `r_password` varchar(255) NOT NULL,
  `is_active` enum('Y','N') NOT NULL DEFAULT 'Y',
  `created_on` datetime NOT NULL,
  `updated_on` datetime NOT NULL
) ENGINE=InnoDB AUTO_INCREMENT=17 DEFAULT CHARSET=utf8;

--
-- Dumping data for table `tbl_clubs`
--

INSERT INTO `tbl_clubs` (`id`, `image1`, `name`, `email`, `emirate`, `address`, `pincode`, `url`, `contact_person`, `contact_no`, `fax_no`, `club_code`, `username`, `unique_token`, `hash_key`, `r_password`, `is_active`, `created_on`, `updated_on`) VALUES
(3, NULL, 'ALWAHDA CLUB COMPANY FOR SPORTS', 'info@alwahdaccs.ae', 'Abu Dhabi', 'uae', '2148', 'www.alwdaccs', '0502822265', '024432000', '244432111', 'AAA20001', 'alwahdaclub', '2b7b65ddd963d725ee6ebd0e9f1e99c374035f4cba520be65c5e4229d6c11988369f25571919f0b72c8e2cd033b1630d9cb3f62e', '5fe132e7ee9c1e79b56220d3d38a1092', 'alwahdaclub', 'Y', '2017-01-18 03:22:13', '2017-01-18 04:12:51'),
(5, NULL, 'I N D U SPORTS SERVICES ( INDUSS )', 'balaji@induss.ae', 'Dubai', '22/101 everest business center deira dubai', '121917', 'www.induss.ae', 'balaji vedanarayanan', '0526165181', '043423326', 'AAA20003', 'balaji526165181', 'ab7fd810f446c2e371a03cd5eb3a0cda2afea9e7536f409084697803c1798015aac39e1f4710460301ab7294c494babf1c971de1', '6e2d72cac54d44265961f594b4bf1a27', '0526165181', 'Y', '2017-01-19 05:19:59', '2017-01-19 05:27:57'),
(6, NULL, 'AL JAZIRA COMPANY FOR OTHER SPORTS L.L.C', 'info-othergames@jc.ae', 'Abu Dhabi', 'ABU DHABI', '2750', 'www.jc.ae', '0505479110', '024098400', '024443636', 'AAA20004', 'aljazira', 'a944a67e3a181fc8787717a9284e5ad3cd45e9669a60072a080e37a4075b40ee1e033cadaa065605b9ac6c26ec06c063e6e2f6d1', 'e6f9eaf3605037822269cd4f6521cb27', '0505479110', 'Y', '2017-01-24 09:24:45', '2017-01-24 11:13:28'),
(8, NULL, 'ALWASL SPORTS CLUB', 'popshehab66@gmail.com', 'Dubai', 'دبي - الجداف', '3888 DUBAI', 'INFO@ALWASLSC.AE', '0564778576', '04324333', '043244472', 'AAA20005', 'ALWASL CLUB', '9b46cab15f0f34dae6fd72401517a74566eb043b6dd2900384fc1a9c6869a0e3b03ac7b317893546cf048d34541d4c5f3c15c1c8', '64bca72b046cf961d3d93fc4622ad010', '0564778576', 'Y', '2017-01-24 07:15:36', '2017-01-24 07:18:18'),
(9, NULL, 'Al Dhaid Cultural & Sports Club', 'popshehab66@gmail.com', 'Sharjah', 'مارة الشارقةّ - الإمارات العربية المتحدة', '56624', 'www.dhaidclub.ae/', '0556046947', '+971 6 882 2750', '06552154215', 'AAA20006', 'aldhaid club', '908969c5a595ba49de557677c96dba70dbecab2135a1706f5083b042b7e895fe6637f5412b1370bcdadc25407ac6008077479b69', '5f95347c7140bab7d58e700502653cf8', '0556046947', 'Y', '2017-01-24 07:38:59', '2017-01-24 07:42:37'),
(11, NULL, 'MODERN SWIM ACADEMY', 'info@msa4fun.com', 'Dubai', 'Port Saeed Road\r\nOffice 304', '88776', 'www.msa4fun.com', 'Reda Elgobashy Abouelsaad', '+971 4 294 2770 or', '+971 52 695 1150', 'AAA20007', 'reda526951150', '3dd28af0c0ad1f3153584a54548f4bcf9450a8dc77900d047c7664015a989363dace49eff37cef3378fb261016ca1d97e3b1d858', 'b5b97ec193d4209b778a4ce4b755293b', '0526951150', 'Y', '2017-01-24 09:26:07', '2017-01-24 09:39:41'),
(13, NULL, 'WATER NATION SPORTS ACADEMY LLC', 'srividya@waternation.country', 'Dubai', 'Dubai National Insurance Building\r\n2nd Floor, Office 207, Express Cente\r\nSheikh Zayed Road', '81727', 'www.waternation.country', 'S. Srividiya', '+971 55 554 2135', '000', 'AAA20008', 'srividya555542135', '1a5032eae38f9c5885bf991ced446248d4223639237f9aae13e7346272f8286f349cea321896b9eb2307fb5909e22fa8d7652eab', '8514d99146f582a8ee440238521884df', '0555542135', 'Y', '2017-01-25 07:16:16', '2017-01-25 07:23:46'),
(14, NULL, 'DIBBA FUJAIRAH SPORTS CLUB', 'popshehab66@gmail.com', 'Fujairah', 'DIBBA FUJAIRAH', '11494', 'www.dibbaclub.com', '0505409583', '092444216', '092443702', 'AAA20009', 'FUJAIRAH CLUB', 'a03206defd1bbc90f2f817b1a1ad9b5daea19c3411bc21df92db248305490115e27016e42286715f25f5425c22208ed655f6bac2', '0f28476922efeb8c072a5abf6928d007', '0505409583', 'Y', '2017-01-25 06:00:18', '2017-01-25 06:03:30'),
(15, NULL, 'SHARJAH SPOT CLUB', 'info@sharjahclub.com', 'Sharjah', 'نادي الشارقة الرياضي الثقافي\r\n \r\nدولة الإمارات العربية المتحدة', 'ص.ب:55 الشارقة', 'info@sharjahclub.com', '0508918002', '5423333 6 971+', '5422214 6 971+', 'AAA20010', 'SHARJAH CLUB', 'c75e32aee105ff93187b93ee0786303f4709b392696d913b565e6ec34654ee715706aa049b23be27af37bd4cf11c3ff4c80b2db8', 'f98f131bcdcfcf8086193dec2e72d945', '0508918002', 'Y', '2017-01-25 07:21:36', '2017-01-25 07:25:18'),
(16, NULL, 'Alain Club', 'popshehab66@gmail.com', 'Abu Dhabi', 'UNITED ARAB EMIRS=ATES', '1113', 'www.alainfc.ae', '0506630225', '0097137222777', '0097137012234', 'AAA20011', 'alain club', '38d011b4e321ee8c577542aebd8a5718d630deb139ccd671e730cbe1a8427377c05bca700bcf99429309d0dc09d2ab95aab9a7a0', 'f47745f62cc9dd0f746530f49704a50b', '0506630225', 'Y', '2017-01-25 08:33:14', '2017-01-25 08:35:49');

-- --------------------------------------------------------

--
-- Table structure for table `tbl_club_logs`
--

CREATE TABLE `tbl_club_logs` (
  `id` int(11) NOT NULL,
  `username` varchar(255) COLLATE utf8_unicode_ci NOT NULL,
  `controller` varchar(300) COLLATE utf8_unicode_ci NOT NULL,
  `message` text COLLATE utf8_unicode_ci,
  `action` varchar(30) COLLATE utf8_unicode_ci NOT NULL,
  `created_on` datetime NOT NULL
) ENGINE=InnoDB AUTO_INCREMENT=238 DEFAULT CHARSET=utf8 COLLATE=utf8_unicode_ci;

--
-- Dumping data for table `tbl_club_logs`
--

INSERT INTO `tbl_club_logs` (`id`, `username`, `controller`, `message`, `action`, `created_on`) VALUES
(1, 'Dubai Golf Club', 'Setup', 'Dubai Golf Club : Club details has been updated by club admin', 'index', '2017-01-16 10:53:16'),
(2, 'Dubai Golf Club', 'Members', 'MEM20000 : Member details has been added by club admin', 'add', '2017-01-16 10:56:57'),
(3, 'Dubai Golf Club', 'Members', 'MEM20000 : Member details has been updated by club admin', 'edit', '2017-01-16 10:59:30'),
(4, 'Alain Club', 'Setup', 'Alain Club : Club details has been updated by club admin', 'index', '2017-01-18 01:30:59'),
(5, 'Alain Club', 'Members', 'MEM20001 : Member details has been added by club admin', 'add', '2017-01-18 01:37:51'),
(6, 'Alain Club', 'Setup', ' : Club details has been updated by club admin', 'index', '2017-01-18 03:40:34'),
(7, 'ALWAHDA CLUB COMPANY FOR SPORTS', 'Setup', 'ALWAHDA CLUB COMPANY FOR SPORTS : Club details has been updated by club admin', 'index', '2017-01-18 04:11:56'),
(8, 'ALWAHDA CLUB COMPANY FOR SPORTS', 'Info', 'ALWAHDA CLUB COMPANY FOR SPORTS : Club details has been updated by club admin', 'index', '2017-01-18 04:12:51'),
(9, 'ALWAHDA CLUB COMPANY FOR SPORTS', 'Members', 'MEM20002 : Member details has been added by club admin', 'add', '2017-01-18 04:24:09'),
(10, 'ALWAHDA CLUB COMPANY FOR SPORTS', 'Members', 'MEM20002 : Member details has been updated by club admin', 'edit', '2017-01-18 04:44:47'),
(11, 'ALWAHDA CLUB COMPANY FOR SPORTS', 'Members', 'MEM20002 : Member details has been updated by club admin', 'edit', '2017-01-18 04:45:51'),
(12, 'ALWAHDA CLUB COMPANY FOR SPORTS', 'Members', 'MEM20002 : Member details has been updated by club admin', 'edit', '2017-01-18 04:46:10'),
(13, 'ALWAHDA CLUB COMPANY FOR SPORTS', 'Members', 'MEM20003 : Member details has been added by club admin', 'add', '2017-01-18 05:11:10'),
(14, 'ALWAHDA CLUB COMPANY FOR SPORTS', 'Members', 'MEM20003 : Member details has been updated by club admin', 'edit', '2017-01-18 05:11:52'),
(15, 'ALWAHDA CLUB COMPANY FOR SPORTS', 'Members', 'MEM20004 : Member details has been added by club admin', 'add', '2017-01-19 09:31:41'),
(16, 'ALWAHDA CLUB COMPANY FOR SPORTS', 'Members', 'MEM20004 : Member details has been updated by club admin', 'edit', '2017-01-19 09:32:45'),
(17, 'ALWAHDA CLUB COMPANY FOR SPORTS', 'Members', 'MEM20005 : Member details has been added by club admin', 'add', '2017-01-19 10:06:46'),
(18, 'ALWAHDA CLUB COMPANY FOR SPORTS', 'Members', 'MEM20006 : Member details has been added by club admin', 'add', '2017-01-19 10:23:02'),
(19, 'ALWAHDA CLUB COMPANY FOR SPORTS', 'Members', 'MEM20006 : Member details has been updated by club admin', 'edit', '2017-01-19 10:26:16'),
(20, 'ALWAHDA CLUB COMPANY FOR SPORTS', 'Members', 'MEM20007 : Member details has been added by club admin', 'add', '2017-01-19 10:48:18'),
(21, 'ALWAHDA CLUB COMPANY FOR SPORTS', 'Members', 'MEM20008 : Member details has been added by club admin', 'add', '2017-01-19 11:48:19'),
(22, 'ALWAHDA CLUB COMPANY FOR SPORTS', 'Members', 'MEM20009 : Member details has been added by club admin', 'add', '2017-01-19 03:25:36'),
(23, 'I N D U SPORTS SERVICES ( INDUSS )', 'Setup', 'I N D U SPORTS SERVICES ( INDUSS ) : Club details has been updated by club admin', 'index', '2017-01-19 05:25:34'),
(24, 'I N D U SPORTS SERVICES ( INDUSS )', 'Info', 'I N D U SPORTS SERVICES ( INDUSS ) : Club details has been updated by club admin', 'index', '2017-01-19 05:27:57'),
(25, 'I N D U SPORTS SERVICES ( INDUSS )', 'Members', 'MEM20010 : Member details has been added by club admin', 'add', '2017-01-24 08:22:06'),
(26, 'I N D U SPORTS SERVICES ( INDUSS )', 'Members', 'MEM20010 : Member details has been updated by club admin', 'edit', '2017-01-24 08:24:23'),
(27, 'I N D U SPORTS SERVICES ( INDUSS )', 'Members', 'MEM20010 : Member details has been updated by club admin', 'edit', '2017-01-24 08:30:30'),
(28, 'I N D U SPORTS SERVICES ( INDUSS )', 'Members', 'MEM20011 : Member details has been added by club admin', 'add', '2017-01-24 08:38:31'),
(29, 'I N D U SPORTS SERVICES ( INDUSS )', 'Members', 'MEM20012 : Member details has been added by club admin', 'add', '2017-01-24 08:43:39'),
(30, 'I N D U SPORTS SERVICES ( INDUSS )', 'Members', 'MEM20013 : Member details has been added by club admin', 'add', '2017-01-24 08:48:43'),
(31, 'I N D U SPORTS SERVICES ( INDUSS )', 'Members', 'MEM20014 : Member details has been added by club admin', 'add', '2017-01-24 09:05:11'),
(32, 'I N D U SPORTS SERVICES ( INDUSS )', 'Members', 'MEM20015 : Member details has been added by club admin', 'add', '2017-01-24 09:07:55'),
(33, 'I N D U SPORTS SERVICES ( INDUSS )', 'Members', 'MEM20016 : Member details has been added by club admin', 'add', '2017-01-24 09:12:51'),
(34, 'I N D U SPORTS SERVICES ( INDUSS )', 'Members', 'MEM20017 : Member details has been added by club admin', 'add', '2017-01-24 09:17:51'),
(35, 'I N D U SPORTS SERVICES ( INDUSS )', 'Members', 'MEM20018 : Member details has been added by club admin', 'add', '2017-01-24 09:25:19'),
(36, 'AL JAZIRA COMPANY FOR OTHER SPORTS L.L.C', 'Setup', 'AL JAZIRA COMPANY FOR OTHER SPORTS L.L.C : Club details has been updated by club admin', 'index', '2017-01-24 11:13:28'),
(37, 'I N D U SPORTS SERVICES ( INDUSS )', 'Members', 'MEM20019 : Member details has been added by club admin', 'add', '2017-01-24 04:27:56'),
(38, 'I N D U SPORTS SERVICES ( INDUSS )', 'Members', 'MEM20020 : Member details has been added by club admin', 'add', '2017-01-24 04:40:30'),
(39, 'I N D U SPORTS SERVICES ( INDUSS )', 'Members', 'MEM20021 : Member details has been added by club admin', 'add', '2017-01-24 04:47:37'),
(40, 'I N D U SPORTS SERVICES ( INDUSS )', 'Members', 'MEM20022 : Member details has been added by club admin', 'add', '2017-01-24 04:50:16'),
(41, 'I N D U SPORTS SERVICES ( INDUSS )', 'Members', 'MEM20023 : Member details has been added by club admin', 'add', '2017-01-24 05:00:11'),
(42, 'I N D U SPORTS SERVICES ( INDUSS )', 'Members', 'MEM20024 : Member details has been added by club admin', 'add', '2017-01-24 05:03:09'),
(43, 'I N D U SPORTS SERVICES ( INDUSS )', 'Members', 'MEM20025 : Member details has been added by club admin', 'add', '2017-01-24 05:06:23'),
(44, 'I N D U SPORTS SERVICES ( INDUSS )', 'Members', 'MEM20026 : Member details has been added by club admin', 'add', '2017-01-24 05:11:54'),
(45, 'I N D U SPORTS SERVICES ( INDUSS )', 'Members', 'MEM20027 : Member details has been added by club admin', 'add', '2017-01-24 05:18:13'),
(46, 'I N D U SPORTS SERVICES ( INDUSS )', 'Members', 'MEM20028 : Member details has been added by club admin', 'add', '2017-01-24 05:21:20'),
(47, 'I N D U SPORTS SERVICES ( INDUSS )', 'Members', 'MEM20029 : Member details has been added by club admin', 'add', '2017-01-24 05:24:19'),
(48, 'I N D U SPORTS SERVICES ( INDUSS )', 'Members', 'MEM20030 : Member details has been added by club admin', 'add', '2017-01-24 05:26:47'),
(49, 'I N D U SPORTS SERVICES ( INDUSS )', 'Members', 'MEM20031 : Member details has been added by club admin', 'add', '2017-01-24 05:29:35'),
(50, 'I N D U SPORTS SERVICES ( INDUSS )', 'Members', 'MEM20032 : Member details has been added by club admin', 'add', '2017-01-24 05:33:35'),
(51, 'I N D U SPORTS SERVICES ( INDUSS )', 'Members', 'MEM20033 : Member details has been added by club admin', 'add', '2017-01-24 05:37:57'),
(52, 'I N D U SPORTS SERVICES ( INDUSS )', 'Members', 'MEM20034 : Member details has been added by club admin', 'add', '2017-01-24 05:46:29'),
(53, 'I N D U SPORTS SERVICES ( INDUSS )', 'Members', 'MEM20035 : Member details has been added by club admin', 'add', '2017-01-24 06:00:33'),
(54, 'I N D U SPORTS SERVICES ( INDUSS )', 'Members', 'MEM20035 : Member details has been updated by club admin', 'edit', '2017-01-24 06:03:30'),
(55, 'I N D U SPORTS SERVICES ( INDUSS )', 'Members', 'MEM20036 : Member details has been added by club admin', 'add', '2017-01-24 06:11:04'),
(56, 'Aneesh Ponnappan', 'Setup', ' : Club details has been updated by club admin', 'index', '2017-01-24 07:14:29'),
(57, 'ALWASL SPORTS CLUB', 'Setup', 'ALWASL SPORTS CLUB : Club details has been updated by club admin', 'index', '2017-01-24 07:18:18'),
(58, 'Al Dhaid Cultural & Sports Club', 'Setup', 'Al Dhaid Cultural & Sports Club : Club details has been updated by club admin', 'index', '2017-01-24 07:42:37'),
(59, 'Al Dhaid Cultural & Sports Club', 'Members', 'MEM20037 : Member details has been added by club admin', 'add', '2017-01-24 07:52:48'),
(60, 'Al Dhaid Cultural & Sports Club', 'Members', 'MEM20038 : Member details has been added by club admin', 'add', '2017-01-24 07:59:02'),
(61, 'Al Dhaid Cultural & Sports Club', 'Members', 'MEM20039 : Member details has been added by club admin', 'add', '2017-01-24 08:06:26'),
(62, 'Al Dhaid Cultural & Sports Club', 'Members', 'MEM20040 : Member details has been added by club admin', 'add', '2017-01-24 08:11:23'),
(63, 'Al Dhaid Cultural & Sports Club', 'Members', 'MEM20041 : Member details has been added by club admin', 'add', '2017-01-24 08:22:33'),
(64, 'Al Dhaid Cultural & Sports Club', 'Members', 'MEM20042 : Member details has been added by club admin', 'add', '2017-01-24 08:26:20'),
(65, 'Al Dhaid Cultural & Sports Club', 'Members', 'MEM20043 : Member details has been added by club admin', 'add', '2017-01-24 08:35:20'),
(66, 'Al Dhaid Cultural & Sports Club', 'Members', 'MEM20044 : Member details has been added by club admin', 'add', '2017-01-24 08:41:53'),
(67, 'Al Dhaid Cultural & Sports Club', 'Members', 'MEM20045 : Member details has been added by club admin', 'add', '2017-01-24 08:49:58'),
(68, 'Al Dhaid Cultural & Sports Club', 'Members', 'MEM20046 : Member details has been added by club admin', 'add', '2017-01-24 08:54:06'),
(69, 'MODERN SWIM ACADEMY', 'Setup', 'MODERN SWIM ACADEMY : Club details has been updated by club admin', 'index', '2017-01-24 09:31:37'),
(70, 'MODERN SWIM ACADEMY', 'Info', 'MODERN SWIM ACADEMY : Club details has been updated by club admin', 'index', '2017-01-24 09:32:06'),
(71, 'MODERN SWIM ACADEMY', 'Info', 'MODERN SWIM ACADEMY : Club details has been updated by club admin', 'index', '2017-01-24 09:32:20'),
(72, 'MODERN SWIM ACADEMY', 'Info', 'MODERN SWIM ACADEMY : Club details has been updated by club admin', 'index', '2017-01-24 09:32:29'),
(73, 'MODERN SWIM ACADEMY', 'Info', 'MODERN SWIM ACADEMY : Club details has been updated by club admin', 'index', '2017-01-24 09:32:42'),
(74, 'MODERN SWIM ACADEMY', 'Info', 'MODERN SWIM ACADEMY : Club details has been updated by club admin', 'index', '2017-01-24 09:33:13'),
(75, 'MODERN SWIM ACADEMY', 'Info', 'MODERN SWIM ACADEMY : Club details has been updated by club admin', 'index', '2017-01-24 09:33:28'),
(76, 'MODERN SWIM ACADEMY', 'Info', 'MODERN SWIM ACADEMY : Club details has been updated by club admin', 'index', '2017-01-24 09:39:41'),
(77, 'MODERN SWIM ACADEMY', 'Members', 'MEM20047 : Member details has been added by club admin', 'add', '2017-01-24 09:49:29'),
(78, 'MODERN SWIM ACADEMY', 'Members', 'MEM20048 : Member details has been added by club admin', 'add', '2017-01-24 09:53:40'),
(79, 'MODERN SWIM ACADEMY', 'Members', 'MEM20049 : Member details has been added by club admin', 'add', '2017-01-24 09:56:12'),
(80, 'MODERN SWIM ACADEMY', 'Members', 'MEM20050 : Member details has been added by club admin', 'add', '2017-01-24 09:59:30'),
(81, 'MODERN SWIM ACADEMY', 'Members', 'MEM20051 : Member details has been added by club admin', 'add', '2017-01-24 10:03:57'),
(82, 'MODERN SWIM ACADEMY', 'Members', 'MEM20052 : Member details has been added by club admin', 'add', '2017-01-24 10:06:13'),
(83, 'MODERN SWIM ACADEMY', 'Members', 'MEM20053 : Member details has been added by club admin', 'add', '2017-01-24 10:11:20'),
(84, 'MODERN SWIM ACADEMY', 'Members', 'MEM20054 : Member details has been added by club admin', 'add', '2017-01-24 10:13:50'),
(85, 'MODERN SWIM ACADEMY', 'Members', 'MEM20055 : Member details has been added by club admin', 'add', '2017-01-24 10:16:55'),
(86, 'MODERN SWIM ACADEMY', 'Members', 'MEM20056 : Member details has been added by club admin', 'add', '2017-01-24 10:19:54'),
(87, 'MODERN SWIM ACADEMY', 'Members', 'MEM20057 : Member details has been added by club admin', 'add', '2017-01-24 10:23:31'),
(88, 'MODERN SWIM ACADEMY', 'Members', 'MEM20058 : Member details has been added by club admin', 'add', '2017-01-24 10:27:41'),
(89, 'MODERN SWIM ACADEMY', 'Members', 'MEM20059 : Member details has been added by club admin', 'add', '2017-01-24 10:30:50'),
(90, 'MODERN SWIM ACADEMY', 'Members', 'MEM20060 : Member details has been added by club admin', 'add', '2017-01-24 10:33:18'),
(91, 'MODERN SWIM ACADEMY', 'Members', 'MEM20061 : Member details has been added by club admin', 'add', '2017-01-24 10:43:23'),
(92, 'MODERN SWIM ACADEMY', 'Members', 'MEM20062 : Member details has been added by club admin', 'add', '2017-01-24 10:46:56'),
(93, 'MODERN SWIM ACADEMY', 'Members', 'MEM20063 : Member details has been added by club admin', 'add', '2017-01-24 10:50:47'),
(94, 'MODERN SWIM ACADEMY', 'Members', 'MEM20064 : Member details has been added by club admin', 'add', '2017-01-24 10:53:00'),
(95, 'MODERN SWIM ACADEMY', 'Members', 'MEM20065 : Member details has been added by club admin', 'add', '2017-01-24 10:54:59'),
(96, 'MODERN SWIM ACADEMY', 'Members', 'MEM20066 : Member details has been added by club admin', 'add', '2017-01-24 10:59:08'),
(97, 'MODERN SWIM ACADEMY', 'Members', 'MEM20067 : Member details has been added by club admin', 'add', '2017-01-24 11:01:26'),
(98, 'MODERN SWIM ACADEMY', 'Members', 'MEM20068 : Member details has been added by club admin', 'add', '2017-01-24 11:04:15'),
(99, 'MODERN SWIM ACADEMY', 'Members', 'MEM20069 : Member details has been added by club admin', 'add', '2017-01-24 11:07:01'),
(100, 'MODERN SWIM ACADEMY', 'Members', 'MEM20070 : Member details has been added by club admin', 'add', '2017-01-24 11:09:05'),
(101, 'MODERN SWIM ACADEMY', 'Members', 'MEM20071 : Member details has been added by club admin', 'add', '2017-01-24 11:11:39'),
(102, 'MODERN SWIM ACADEMY', 'Members', 'MEM20072 : Member details has been added by club admin', 'add', '2017-01-24 11:16:06'),
(103, 'MODERN SWIM ACADEMY', 'Members', 'MEM20073 : Member details has been added by club admin', 'add', '2017-01-24 11:18:26'),
(104, 'MODERN SWIM ACADEMY', 'Members', 'MEM20074 : Member details has been added by club admin', 'add', '2017-01-24 11:22:07'),
(105, 'MODERN SWIM ACADEMY', 'Members', 'MEM20075 : Member details has been added by club admin', 'add', '2017-01-24 11:25:45'),
(106, 'MODERN SWIM ACADEMY', 'Members', 'MEM20076 : Member details has been added by club admin', 'add', '2017-01-24 11:34:02'),
(107, 'MODERN SWIM ACADEMY', 'Members', 'MEM20077 : Member details has been added by club admin', 'add', '2017-01-25 04:22:09'),
(108, 'MODERN SWIM ACADEMY', 'Members', 'MEM20078 : Member details has been added by club admin', 'add', '2017-01-25 04:25:17'),
(109, 'MODERN SWIM ACADEMY', 'Members', 'MEM20079 : Member details has been added by club admin', 'add', '2017-01-25 04:27:30'),
(110, 'MODERN SWIM ACADEMY', 'Members', 'MEM20080 : Member details has been added by club admin', 'add', '2017-01-25 04:30:35'),
(111, 'MODERN SWIM ACADEMY', 'Members', 'MEM20081 : Member details has been added by club admin', 'add', '2017-01-25 04:33:08'),
(112, 'MODERN SWIM ACADEMY', 'Members', 'MEM20082 : Member details has been added by club admin', 'add', '2017-01-25 04:35:15'),
(113, 'MODERN SWIM ACADEMY', 'Members', 'MEM20083 : Member details has been added by club admin', 'add', '2017-01-25 04:41:54'),
(114, 'MODERN SWIM ACADEMY', 'Members', 'MEM20084 : Member details has been added by club admin', 'add', '2017-01-25 04:51:55'),
(115, 'MODERN SWIM ACADEMY', 'Members', 'MEM20085 : Member details has been added by club admin', 'add', '2017-01-25 04:54:39'),
(116, 'MODERN SWIM ACADEMY', 'Members', 'MEM20085 : Member details has been updated by club admin', 'edit', '2017-01-25 04:55:06'),
(117, 'MODERN SWIM ACADEMY', 'Members', 'MEM20086 : Member details has been added by club admin', 'add', '2017-01-25 05:04:25'),
(118, 'MODERN SWIM ACADEMY', 'Members', 'MEM20087 : Member details has been added by club admin', 'add', '2017-01-25 05:06:35'),
(119, 'MODERN SWIM ACADEMY', 'Members', 'MEM20088 : Member details has been added by club admin', 'add', '2017-01-25 05:08:47'),
(120, 'MODERN SWIM ACADEMY', 'Members', 'MEM20089 : Member details has been added by club admin', 'add', '2017-01-25 05:15:26'),
(121, 'MODERN SWIM ACADEMY', 'Members', 'MEM20089 : Member details has been updated by club admin', 'edit', '2017-01-25 05:16:50'),
(122, 'WATER NATION SPORTS ACADEMY LLC', 'Setup', 'WATER NATION SPORTS ACADEMY LLC : Club details has been updated by club admin', 'index', '2017-01-25 07:23:46'),
(123, 'ALWAHDA CLUB COMPANY FOR SPORTS', 'Members', 'MEM20090 : Member details has been added by club admin', 'add', '2017-01-25 11:48:50'),
(124, 'ALWAHDA CLUB COMPANY FOR SPORTS', 'Members', 'MEM20091 : Member details has been added by club admin', 'add', '2017-01-25 01:36:20'),
(125, 'ALWAHDA CLUB COMPANY FOR SPORTS', 'Members', 'MEM20092 : Member details has been added by club admin', 'add', '2017-01-25 01:39:33'),
(126, 'ALWAHDA CLUB COMPANY FOR SPORTS', 'Members', 'MEM20093 : Member details has been added by club admin', 'add', '2017-01-25 01:57:23'),
(127, 'ALWAHDA CLUB COMPANY FOR SPORTS', 'Members', 'MEM20094 : Member details has been added by club admin', 'add', '2017-01-25 02:26:48'),
(128, 'ALWAHDA CLUB COMPANY FOR SPORTS', 'Members', 'MEM20095 : Member details has been added by club admin', 'add', '2017-01-25 02:35:30'),
(129, 'ALWAHDA CLUB COMPANY FOR SPORTS', 'Members', 'MEM20096 : Member details has been added by club admin', 'add', '2017-01-25 02:38:51'),
(130, 'ALWAHDA CLUB COMPANY FOR SPORTS', 'Members', 'MEM20097 : Member details has been added by club admin', 'add', '2017-01-25 02:41:46'),
(131, 'ALWAHDA CLUB COMPANY FOR SPORTS', 'Members', 'MEM20098 : Member details has been added by club admin', 'add', '2017-01-25 02:51:30'),
(132, 'ALWAHDA CLUB COMPANY FOR SPORTS', 'Members', 'MEM20099 : Member details has been added by club admin', 'add', '2017-01-25 03:02:25'),
(133, 'ALWAHDA CLUB COMPANY FOR SPORTS', 'Members', 'MEM20100 : Member details has been added by club admin', 'add', '2017-01-25 03:21:31'),
(134, 'ALWAHDA CLUB COMPANY FOR SPORTS', 'Members', 'MEM20101 : Member details has been added by club admin', 'add', '2017-01-25 03:23:56'),
(135, 'ALWAHDA CLUB COMPANY FOR SPORTS', 'Members', 'MEM20102 : Member details has been added by club admin', 'add', '2017-01-25 03:28:10'),
(136, 'ALWAHDA CLUB COMPANY FOR SPORTS', 'Members', 'MEM20103 : Member details has been added by club admin', 'add', '2017-01-25 03:49:40'),
(137, 'ALWAHDA CLUB COMPANY FOR SPORTS', 'Members', 'MEM20104 : Member details has been added by club admin', 'add', '2017-01-25 04:00:00'),
(138, 'ALWAHDA CLUB COMPANY FOR SPORTS', 'Members', 'MEM20105 : Member details has been added by club admin', 'add', '2017-01-25 04:05:21'),
(139, 'ALWAHDA CLUB COMPANY FOR SPORTS', 'Members', 'MEM20105 : Member details has been updated by club admin', 'edit', '2017-01-25 04:06:25'),
(140, 'ALWAHDA CLUB COMPANY FOR SPORTS', 'Members', 'MEM20106 : Member details has been added by club admin', 'add', '2017-01-25 04:19:36'),
(141, 'ALWAHDA CLUB COMPANY FOR SPORTS', 'Members', 'MEM20107 : Member details has been added by club admin', 'add', '2017-01-25 04:31:41'),
(142, 'ALWAHDA CLUB COMPANY FOR SPORTS', 'Members', 'MEM20108 : Member details has been added by club admin', 'add', '2017-01-25 04:34:28'),
(143, 'ALWAHDA CLUB COMPANY FOR SPORTS', 'Members', 'MEM20109 : Member details has been added by club admin', 'add', '2017-01-25 04:39:17'),
(144, 'ALWAHDA CLUB COMPANY FOR SPORTS', 'Members', 'MEM20110 : Member details has been added by club admin', 'add', '2017-01-25 04:42:00'),
(145, 'ALWAHDA CLUB COMPANY FOR SPORTS', 'Members', 'MEM20111 : Member details has been added by club admin', 'add', '2017-01-25 04:54:27'),
(146, 'ALWAHDA CLUB COMPANY FOR SPORTS', 'Members', 'MEM20112 : Member details has been added by club admin', 'add', '2017-01-25 05:13:40'),
(147, 'ALWAHDA CLUB COMPANY FOR SPORTS', 'Members', 'MEM20112 : Member details has been updated by club admin', 'edit', '2017-01-25 05:40:00'),
(148, 'DIBBA FUJAIRAH SPORTS CLUB', 'Setup', 'DIBBA FUJAIRAH SPORTS CLUB : Club details has been updated by club admin', 'index', '2017-01-25 06:03:30'),
(149, 'DIBBA FUJAIRAH SPORTS CLUB', 'Members', 'MEM20113 : Member details has been added by club admin', 'add', '2017-01-25 06:08:45'),
(150, 'DIBBA FUJAIRAH SPORTS CLUB', 'Members', 'MEM20114 : Member details has been added by club admin', 'add', '2017-01-25 06:24:36'),
(151, 'DIBBA FUJAIRAH SPORTS CLUB', 'Members', 'MEM20115 : Member details has been added by club admin', 'add', '2017-01-25 06:27:36'),
(152, 'DIBBA FUJAIRAH SPORTS CLUB', 'Members', 'MEM20116 : Member details has been added by club admin', 'add', '2017-01-25 06:32:19'),
(153, 'DIBBA FUJAIRAH SPORTS CLUB', 'Members', 'MEM20117 : Member details has been added by club admin', 'add', '2017-01-25 06:35:09'),
(154, 'DIBBA FUJAIRAH SPORTS CLUB', 'Members', 'MEM20118 : Member details has been added by club admin', 'add', '2017-01-25 06:37:18'),
(155, 'DIBBA FUJAIRAH SPORTS CLUB', 'Members', 'MEM20119 : Member details has been added by club admin', 'add', '2017-01-25 06:47:49'),
(156, 'DIBBA FUJAIRAH SPORTS CLUB', 'Members', 'MEM20120 : Member details has been added by club admin', 'add', '2017-01-25 06:50:12'),
(157, 'DIBBA FUJAIRAH SPORTS CLUB', 'Members', 'MEM20121 : Member details has been added by club admin', 'add', '2017-01-25 06:52:56'),
(158, 'DIBBA FUJAIRAH SPORTS CLUB', 'Members', 'MEM20122 : Member details has been added by club admin', 'add', '2017-01-25 06:54:59'),
(159, 'DIBBA FUJAIRAH SPORTS CLUB', 'Members', 'MEM20123 : Member details has been added by club admin', 'add', '2017-01-25 06:57:51'),
(160, 'DIBBA FUJAIRAH SPORTS CLUB', 'Members', 'MEM20124 : Member details has been added by club admin', 'add', '2017-01-25 07:00:46'),
(161, 'DIBBA FUJAIRAH SPORTS CLUB', 'Members', 'MEM20125 : Member details has been added by club admin', 'add', '2017-01-25 07:02:50'),
(162, 'DIBBA FUJAIRAH SPORTS CLUB', 'Members', 'MEM20126 : Member details has been added by club admin', 'add', '2017-01-25 07:06:38'),
(163, 'SHARJAH SPOT CLUB', 'Setup', 'SHARJAH SPOT CLUB : Club details has been updated by club admin', 'index', '2017-01-25 07:25:18'),
(164, 'SHARJAH SPOT CLUB', 'Members', 'MEM20127 : Member details has been added by club admin', 'add', '2017-01-25 07:27:16'),
(165, 'SHARJAH SPOT CLUB', 'Members', 'MEM20128 : Member details has been added by club admin', 'add', '2017-01-25 07:29:55'),
(166, 'SHARJAH SPOT CLUB', 'Members', 'MEM20129 : Member details has been added by club admin', 'add', '2017-01-25 07:32:16'),
(167, 'SHARJAH SPOT CLUB', 'Members', 'MEM20130 : Member details has been added by club admin', 'add', '2017-01-25 07:34:50'),
(168, 'SHARJAH SPOT CLUB', 'Members', 'MEM20131 : Member details has been added by club admin', 'add', '2017-01-25 07:37:02'),
(169, 'SHARJAH SPOT CLUB', 'Members', 'MEM20132 : Member details has been added by club admin', 'add', '2017-01-25 07:39:11'),
(170, 'SHARJAH SPOT CLUB', 'Members', 'MEM20133 : Member details has been added by club admin', 'add', '2017-01-25 07:44:08'),
(171, 'SHARJAH SPOT CLUB', 'Members', 'MEM20134 : Member details has been added by club admin', 'add', '2017-01-25 07:50:23'),
(172, 'SHARJAH SPOT CLUB', 'Members', 'MEM20135 : Member details has been added by club admin', 'add', '2017-01-25 07:53:07'),
(173, 'SHARJAH SPOT CLUB', 'Members', 'MEM20136 : Member details has been added by club admin', 'add', '2017-01-25 08:12:52'),
(174, 'SHARJAH SPOT CLUB', 'Members', 'MEM20137 : Member details has been added by club admin', 'add', '2017-01-25 08:17:14'),
(175, 'Alain Club', 'Setup', 'Alain Club : Club details has been updated by club admin', 'index', '2017-01-25 08:35:49'),
(176, 'Alain Club', 'Members', 'MEM20138 : Member details has been added by club admin', 'add', '2017-01-25 08:38:18'),
(177, 'Alain Club', 'Members', 'MEM20139 : Member details has been added by club admin', 'add', '2017-01-25 08:43:38'),
(178, 'Alain Club', 'Members', 'MEM20140 : Member details has been added by club admin', 'add', '2017-01-25 08:46:38'),
(179, 'Alain Club', 'Members', 'MEM20141 : Member details has been added by club admin', 'add', '2017-01-25 08:49:23'),
(180, 'Alain Club', 'Members', 'MEM20142 : Member details has been added by club admin', 'add', '2017-01-25 08:51:59'),
(181, 'Alain Club', 'Members', 'MEM20143 : Member details has been added by club admin', 'add', '2017-01-25 08:54:39'),
(182, 'Alain Club', 'Members', 'MEM20144 : Member details has been added by club admin', 'add', '2017-01-25 08:57:15'),
(183, 'Alain Club', 'Members', 'MEM20145 : Member details has been added by club admin', 'add', '2017-01-25 09:00:30'),
(184, 'Alain Club', 'Members', 'MEM20146 : Member details has been added by club admin', 'add', '2017-01-25 09:03:09'),
(185, 'Alain Club', 'Members', 'MEM20147 : Member details has been added by club admin', 'add', '2017-01-25 09:06:05'),
(186, 'Alain Club', 'Members', 'MEM20148 : Member details has been added by club admin', 'add', '2017-01-25 09:09:06'),
(187, 'Alain Club', 'Members', 'MEM20149 : Member details has been added by club admin', 'add', '2017-01-25 09:11:54'),
(188, 'Alain Club', 'Members', 'MEM20150 : Member details has been added by club admin', 'add', '2017-01-25 09:14:41'),
(189, 'Alain Club', 'Members', 'MEM20151 : Member details has been added by club admin', 'add', '2017-01-25 09:17:44'),
(190, 'Alain Club', 'Members', 'MEM20152 : Member details has been added by club admin', 'add', '2017-01-25 09:20:11'),
(191, 'Alain Club', 'Members', 'MEM20153 : Member details has been added by club admin', 'add', '2017-01-25 09:23:27'),
(192, 'Alain Club', 'Members', 'MEM20154 : Member details has been added by club admin', 'add', '2017-01-25 09:26:14'),
(193, 'Alain Club', 'Members', 'MEM20155 : Member details has been added by club admin', 'add', '2017-01-25 09:28:57'),
(194, 'Alain Club', 'Members', 'MEM20156 : Member details has been added by club admin', 'add', '2017-01-25 09:31:37'),
(195, 'WATER NATION SPORTS ACADEMY LLC', 'Members', 'MEM20157 : Member details has been added by club admin', 'add', '2017-01-25 09:53:26'),
(196, 'WATER NATION SPORTS ACADEMY LLC', 'Members', 'MEM20157 : Member details has been updated by club admin', 'edit', '2017-01-25 10:10:07'),
(197, 'WATER NATION SPORTS ACADEMY LLC', 'Members', 'MEM20158 : Member details has been added by club admin', 'add', '2017-01-25 10:18:08'),
(198, 'WATER NATION SPORTS ACADEMY LLC', 'Members', 'MEM20159 : Member details has been added by club admin', 'add', '2017-01-25 10:23:32'),
(199, 'WATER NATION SPORTS ACADEMY LLC', 'Members', 'MEM20160 : Member details has been added by club admin', 'add', '2017-01-25 10:31:33'),
(200, 'WATER NATION SPORTS ACADEMY LLC', 'Members', 'MEM20161 : Member details has been added by club admin', 'add', '2017-01-25 10:38:16'),
(201, 'WATER NATION SPORTS ACADEMY LLC', 'Members', 'MEM20162 : Member details has been added by club admin', 'add', '2017-01-25 10:45:41'),
(202, 'WATER NATION SPORTS ACADEMY LLC', 'Members', 'MEM20163 : Member details has been added by club admin', 'add', '2017-01-25 10:53:51'),
(203, 'MODERN SWIM ACADEMY', 'Members', 'MEM20051 : Member details has been updated by club admin', 'edit', '2017-01-26 03:36:53'),
(204, 'MODERN SWIM ACADEMY', 'Members', 'MEM20089 : Member details has been updated by club admin', 'edit', '2017-01-26 03:38:28'),
(205, 'MODERN SWIM ACADEMY', 'Members', 'MEM20073 : Member details has been updated by club admin', 'edit', '2017-01-26 03:38:50'),
(206, 'I N D U SPORTS SERVICES ( INDUSS )', 'Members', 'MEM20019 : Member details has been updated by club admin', 'edit', '2017-01-26 03:42:34'),
(207, 'MODERN SWIM ACADEMY', 'Members', 'MEM20059 : Member details has been updated by club admin', 'edit', '2017-01-26 03:58:36'),
(208, 'MODERN SWIM ACADEMY', 'Members', 'MEM20060 : Member details has been updated by club admin', 'edit', '2017-01-26 03:59:19'),
(209, 'MODERN SWIM ACADEMY', 'Members', 'MEM20061 : Member details has been updated by club admin', 'edit', '2017-01-26 04:00:10'),
(210, 'MODERN SWIM ACADEMY', 'Members', 'MEM20062 : Member details has been updated by club admin', 'edit', '2017-01-26 04:01:24'),
(211, 'MODERN SWIM ACADEMY', 'Members', 'MEM20062 : Member details has been updated by club admin', 'edit', '2017-01-26 04:02:14'),
(212, 'I N D U SPORTS SERVICES ( INDUSS )', 'Members', 'MEM20016 : Member details has been updated by club admin', 'edit', '2017-01-26 04:06:45'),
(213, 'I N D U SPORTS SERVICES ( INDUSS )', 'Members', 'MEM20022 : Member details has been updated by club admin', 'edit', '2017-01-26 04:12:12'),
(214, 'I N D U SPORTS SERVICES ( INDUSS )', 'Members', 'MEM20017 : Member details has been updated by club admin', 'edit', '2017-01-26 04:12:55'),
(215, 'I N D U SPORTS SERVICES ( INDUSS )', 'Members', 'MEM20022 : Member details has been updated by club admin', 'edit', '2017-01-26 04:19:20'),
(216, 'I N D U SPORTS SERVICES ( INDUSS )', 'Members', 'MEM20017 : Member details has been updated by club admin', 'edit', '2017-01-26 04:19:50'),
(217, 'I N D U SPORTS SERVICES ( INDUSS )', 'Members', 'MEM20017 : Member details has been updated by club admin', 'edit', '2017-01-26 04:20:06'),
(218, 'I N D U SPORTS SERVICES ( INDUSS )', 'Members', 'MEM20031 : Member details has been updated by club admin', 'edit', '2017-01-26 04:20:44'),
(219, 'I N D U SPORTS SERVICES ( INDUSS )', 'Members', 'MEM20024 : Member details has been updated by club admin', 'edit', '2017-01-26 04:21:13'),
(220, 'I N D U SPORTS SERVICES ( INDUSS )', 'Members', 'MEM20030 : Member details has been updated by club admin', 'edit', '2017-01-26 04:21:51'),
(221, 'I N D U SPORTS SERVICES ( INDUSS )', 'Members', 'MEM20033 : Member details has been updated by club admin', 'edit', '2017-01-26 04:22:37'),
(222, 'I N D U SPORTS SERVICES ( INDUSS )', 'Members', 'MEM20027 : Member details has been updated by club admin', 'edit', '2017-01-26 04:23:22'),
(223, 'I N D U SPORTS SERVICES ( INDUSS )', 'Members', 'MEM20025 : Member details has been updated by club admin', 'edit', '2017-01-26 04:23:47'),
(224, 'I N D U SPORTS SERVICES ( INDUSS )', 'Members', 'MEM20023 : Member details has been updated by club admin', 'edit', '2017-01-26 04:24:49'),
(225, 'WATER NATION SPORTS ACADEMY LLC', 'Members', 'MEM20162 : Member details has been updated by club admin', 'edit', '2017-01-26 05:07:44'),
(226, 'WATER NATION SPORTS ACADEMY LLC', 'Members', 'MEM20164 : Member details has been added by club admin', 'add', '2017-01-26 05:12:05'),
(227, 'WATER NATION SPORTS ACADEMY LLC', 'Members', 'MEM20165 : Member details has been added by club admin', 'add', '2017-01-26 05:17:30'),
(228, 'WATER NATION SPORTS ACADEMY LLC', 'Members', 'MEM20166 : Member details has been added by club admin', 'add', '2017-01-26 05:21:45'),
(229, 'WATER NATION SPORTS ACADEMY LLC', 'Members', 'MEM20167 : Member details has been added by club admin', 'add', '2017-01-26 05:26:46'),
(230, 'WATER NATION SPORTS ACADEMY LLC', 'Members', 'MEM20168 : Member details has been added by club admin', 'add', '2017-01-26 05:36:49'),
(231, 'WATER NATION SPORTS ACADEMY LLC', 'Members', 'MEM20169 : Member details has been added by club admin', 'add', '2017-01-26 05:40:20'),
(232, 'WATER NATION SPORTS ACADEMY LLC', 'Members', 'MEM20170 : Member details has been added by club admin', 'add', '2017-01-26 05:44:23'),
(233, 'WATER NATION SPORTS ACADEMY LLC', 'Members', 'MEM20171 : Member details has been added by club admin', 'add', '2017-01-26 05:48:00'),
(234, 'WATER NATION SPORTS ACADEMY LLC', 'Members', 'MEM20172 : Member details has been added by club admin', 'add', '2017-01-26 05:55:08'),
(235, 'WATER NATION SPORTS ACADEMY LLC', 'Members', 'MEM20173 : Member details has been added by club admin', 'add', '2017-01-26 06:02:26'),
(236, 'WATER NATION SPORTS ACADEMY LLC', 'Members', 'MEM20165 : Member details has been updated by club admin', 'edit', '2017-01-26 06:12:29'),
(237, 'WATER NATION SPORTS ACADEMY LLC', 'Members', 'MEM20172 : Member details has been updated by club admin', 'edit', '2017-01-26 06:13:39');

-- --------------------------------------------------------

--
-- Table structure for table `tbl_members`
--

CREATE TABLE `tbl_members` (
  `id` int(11) NOT NULL,
  `image1` varchar(255) DEFAULT NULL,
  `code` varchar(50) DEFAULT NULL,
  `first_name` varchar(255) NOT NULL,
  `last_name` varchar(255) NOT NULL,
  `father_name` varchar(255) NOT NULL,
  `gender` varchar(20) NOT NULL,
  `city` varchar(255) NOT NULL,
  `emirate` varchar(255) NOT NULL,
  `country` varchar(255) NOT NULL,
  `contact_no` varchar(30) NOT NULL,
  `club_fk` int(11) NOT NULL,
  `discipline` varchar(255) NOT NULL,
  `note` text NOT NULL,
  `current_status` varchar(255) NOT NULL,
  `type` varchar(50) DEFAULT NULL,
  `dob` varchar(30) NOT NULL,
  `passport_no` varchar(30) NOT NULL,
  `passport_expiry` varchar(30) DEFAULT NULL,
  `id_card1` varchar(255) DEFAULT NULL,
  `image_club_certificate` varchar(255) DEFAULT NULL,
  `is_active` enum('Y','N') NOT NULL DEFAULT 'N',
  `created_on` datetime NOT NULL,
  `updated_on` datetime NOT NULL
) ENGINE=InnoDB AUTO_INCREMENT=193 DEFAULT CHARSET=utf8;

--
-- Dumping data for table `tbl_members`
--

INSERT INTO `tbl_members` (`id`, `image1`, `code`, `first_name`, `last_name`, `father_name`, `gender`, `city`, `emirate`, `country`, `contact_no`, `club_fk`, `discipline`, `note`, `current_status`, `type`, `dob`, `passport_no`, `passport_expiry`, `id_card1`, `image_club_certificate`, `is_active`, `created_on`, `updated_on`) VALUES
(1, 'd047b8cf1043607c88933c9b6fa6e8ec.jpg', 'MEM20000', 'Aneesh', 'Ponnappan', 'Ponnappan', 'male', 'Al Khan', 'Ajman', 'AE', '023123', 1, 'Swimming', 'test data', '', 'Athlete', '13/07/1987', 'KA3435H', '12/20/2020', 'IMG-cbbaff1161d163d.png', 'ac46b304b327d129164b27add6434259.png', 'Y', '2017-01-16 10:56:57', '2017-01-16 10:59:30'),
(2, '2dfeeb526a80aa8217c1191d45ea5e0d.jpg', 'MEM20001', 'omar', 'skaf', 'moh', 'male', 'abudhabi', 'Abu Dhabi', 'SY', '0564032239', 2, 'Diving', 'hello', '', 'Athlete', '06/04/2002', '989808', '04/07/2018', 'IMG-cc01c43e9161d33.png', NULL, 'Y', '2017-01-18 01:37:51', '2017-01-18 01:37:51'),
(3, 'e34882cf3c5b6a5e37ec8b7bada776cc.jpg', 'MEM20002', 'KHAMIS', 'ALHOSANI', 'MOHAMED', 'male', 'abudhabi', 'Abu Dhabi', 'AE', '0502822265', 3, 'Swimming', 'NO', '', 'Athlete', '19/03/2002', 'F92171863', '09-05-2017', 'IMG-20115e628a75896.png', NULL, 'Y', '2017-01-18 04:24:09', '2017-01-18 04:46:10'),
(4, '066da47f7cabc28fc3039082776186f7.jpg', 'MEM20003', 'abdulaziz', 'alsaeedi', 'khaled', 'male', 'abudhabi', 'Abu Dhabi', 'AE', '0502822265', 3, 'Swimming', 'no', '', 'Athlete', '26-06-2002', 'jh4176455', '07-10-2017', NULL, 'de7781cf230b2415ec7447fc29ff1a26.pdf', 'Y', '2017-01-18 05:11:10', '2017-01-18 05:11:52'),
(5, NULL, 'MEM20004', 'omar', 'ALKHEMEIRI', 'ABDULLA', 'male', 'abudhabi', 'Abu Dhabi', 'AE', '0502822265', 3, 'Swimming', 'بدون صورة شخصية', '', 'Athlete', '14/07/2002', 'F0LR07822', '07/01/2018', NULL, '1bab8efc76a9e2a6ddad87b9586d9f02.pdf', 'N', '2017-01-19 09:31:41', '2017-01-19 09:32:45'),
(6, NULL, 'MEM20005', 'AHMED', 'ALQUBAISI', 'EISSA', 'male', 'abudhabi', 'Abu Dhabi', 'AE', '0502822265', 3, 'Swimming', 'صورة شخصية', '', 'Athlete', '16/09/2002', 'PY5331439', '18/03/2018', NULL, NULL, 'N', '2017-01-19 10:06:46', '2017-01-19 10:06:46'),
(7, 'c0c1fd5002079550deb460cf58f229e7.jpg', 'MEM20006', 'HUMAID', 'ALALI', 'SAEED', 'male', 'abudhabi', 'Abu Dhabi', 'AE', '0502822265', 3, 'Swimming', 'انتهاء الجواز', '', 'Athlete', '17/10/2001', 'NO6C16473', '06/12/2016', NULL, 'cc74d8b34958691202cd540ec31b2083.pdf', 'Y', '2017-01-19 10:23:02', '2017-01-19 10:26:16'),
(8, '4ddc52f89440ac649cae353874d92d98.jpg', 'MEM20007', 'ABDULLA', 'ALHOSANI', 'JASSEM', 'male', 'abudhabi', 'Abu Dhabi', 'AE', '0502822265', 3, 'Swimming', 'NO', '', 'Athlete', '05/02/2001', 'H77L75591', '14/07/2018', 'IMG-2b52f010610ff82.png', 'fe3d25adf634c8cffb595d325f17a253.pdf', 'Y', '2017-01-19 10:48:18', '2017-01-19 10:48:18'),
(9, NULL, 'MEM20008', 'ADAM', 'KHELIL', 'FAOUZI', 'male', 'abudhabi', 'Abu Dhabi', 'AE', '0502822265', 3, 'Swimming', 'استمارة تسجيل اللاعب والتوقيع', '', 'Athlete', '12/06/2004', 'F619747', '11/04/2020', NULL, '540a008e6384f3c8655d342384e4cd4c.pdf', 'N', '2017-01-19 11:48:19', '2017-01-19 11:48:19'),
(10, 'c0789377401d1a4ea33dbbebceab593e.jpg', 'MEM20009', 'AMR', 'ABOUELMAGD', 'YASSER', 'male', 'abudhabi', 'Abu Dhabi', 'AE', '0502822265', 3, 'Swimming', 'NO', '', 'Athlete', '11/03/2004', 'A18963844', '12/08/2023', NULL, NULL, 'Y', '2017-01-19 03:25:36', '2017-01-19 03:25:36'),
(11, 'd3622f091f741860f55d3b9ab5847670.jpg', 'MEM20010', 'Amritta', 'Ravikumar', 'xx', 'male', 'Dubai', 'Dubai', 'IN', '0559149695', 5, 'Swimming', 'xx', '', 'Athlete', '02/11/2007', 'K4604355', '25/02/2017', NULL, '2e50d013bec48aea0cca4ff600eddcdb.pdf', 'N', '2017-01-24 08:22:06', '2017-01-24 08:30:30'),
(12, '06e1ae673c0e57078748768047e41d9d.jpg', 'MEM20011', 'Hamreesh', 'Balakrishnan', 'xx', 'male', 'Dubai', 'Dubai', 'IN', '0566663136', 5, 'Swimming', 'xx', '', 'Athlete', '15/12/2008', 'P6244240', '12/10/2021', NULL, '73ba6578bcecd8d542dfbc4aee27e7bb.pdf', 'N', '2017-01-24 08:38:31', '2017-01-24 08:38:31'),
(13, '5adddc9cd67e11734fdc7a4ca99a1034.jpg', 'MEM20012', 'Pranjal', 'Pandey', 'xx', 'male', 'Dubai', 'Dubai', 'IN', '0567350568', 5, 'Swimming', 'xx', '', 'Athlete', '20/07/2007', 'K9676266', '28/01/2018', 'IMG-e9d11e3efbc3279.png', 'f97bac5a8b48203a67e15e014a5409ff.pdf', 'Y', '2017-01-24 08:43:39', '2017-01-24 08:43:39'),
(14, '10251cbb3a8bd9f3242a8dad02dbd674.png', 'MEM20013', 'Kiaan', 'Nagji', 'xx', 'male', 'Dubai', 'Dubai', 'IN', '0504580372', 5, 'Swimming', 'xx', '', 'Athlete', '08/05/2008', 'L2493035', '04/05/2018', NULL, 'c3170f4e52359481d1f14a4379ceb3de.pdf', 'N', '2017-01-24 08:48:43', '2017-01-24 08:48:43'),
(15, '304c3b621a5008a7e227e30cd14ca888.png', 'MEM20014', 'Aaliyah', 'Nagji', 'xx', 'female', 'Dubai', 'Dubai', 'IN', '0504580372', 5, 'Swimming', 'xx', '', 'Athlete', '08/05/2008', 'L2493034', '04/05/2018', NULL, 'd9687d3595dcc52405fa099c2eeaef71.pdf', 'N', '2017-01-24 09:05:11', '2017-01-24 09:05:11'),
(16, 'efbbd131ef578ec589ea69460ec64a3f.png', 'MEM20015', 'Ashwin', 'Ramkumar', 'xx', 'male', 'Dubai', 'Dubai', 'IN', '0566034387', 5, 'Swimming', 'xx', '', 'Athlete', '05/04/2008', 'K9677753', '17/03/2018', NULL, '98bedfa7a098e3d5f5defe47894c96b2.pdf', 'N', '2017-01-24 09:07:55', '2017-01-24 09:07:55'),
(17, '62cc5336a7d36e9881b64009e291df87.jpg', 'MEM20016', 'Bharathraj', 'Sankar', 'xx', 'male', 'Dubai', 'Dubai', 'AE', '0505527423', 5, 'Swimming', 'xx', '', 'Athlete', '01/03/2003', 'L4989513', '27/11/2018', 'IMG-076db905f5a4c92.png', '63e92023fa3fdaef7393453436b5d077.pdf', 'N', '2017-01-24 09:12:51', '2017-01-26 04:06:45'),
(18, '6dc7eb989ae0efd94f18bd3546195b67.jpg', 'MEM20017', 'Akash', 'Jayathirtha', 'xx', 'male', 'Dubai', 'Dubai', 'AE', '0501321027', 5, 'Swimming', 'xx', '', 'Athlete', '17/01/2004', 'L4988860', '26/11/2018', NULL, '7812f6e26df8077de810359389b856f9.pdf', 'N', '2017-01-24 09:17:51', '2017-01-26 04:20:06'),
(19, NULL, 'MEM20018', 'Adithi', 'Balaji', 'xx', 'female', 'Dubai', 'Dubai', 'IN', '0551040113', 5, 'Swimming', 'xx', '', 'Athlete', '29/12/2004', 'M5353622', '23/01/2020', NULL, '07b2bef6fb18749cde9c439986eb6ffc.pdf', 'N', '2017-01-24 09:25:19', '2017-01-24 09:25:19'),
(20, NULL, 'MEM20019', 'Akshay', 'Balaji', 'xx', 'male', 'Dubai', 'Dubai', 'AE', '0551040113', 5, 'Swimming', 'xx', '', 'Athlete', '25/03/2002', 'K6389725', '28/05/2017', NULL, '0d41c336a7fd47112e0373b5be97aa83.pdf', 'N', '2017-01-24 04:27:56', '2017-01-26 03:42:34'),
(21, NULL, 'MEM20020', 'Shania Katelyn Bandara', 'Wasala Mudiyanselage', 'xx', 'female', 'Dubai', 'Dubai', 'LK', '0505332685', 5, 'Swimming', 'xx', '', 'Athlete', '11/01/2005', 'N5534581', '04/06/2025', NULL, 'ce2f80c03a2ccd6f8abf32caaff75508.pdf', 'N', '2017-01-24 04:40:30', '2017-01-24 04:40:30'),
(22, 'f0cc284e9fc56a96eb8dd612fa8672a7.png', 'MEM20021', 'Sreeparvathy', 'Anand', 'xx', 'female', 'Dubai', 'Dubai', 'IN', '0501040113', 5, 'Swimming', 'xx', '', 'Athlete', '22/09/2004', 'M7031732', '24/03/2020', NULL, 'c5b0d43d88fbc95e27768d17cf7f5ac3.pdf', 'N', '2017-01-24 04:47:37', '2017-01-24 04:47:37'),
(23, NULL, 'MEM20022', 'Aakash Deep', 'Singh', 'xx', 'male', 'Dubai', 'Dubai', 'AE', '0506545647', 5, 'Swimming', 'xx', '', 'Athlete', '05/05/2004', 'L4955795', '16/10/2018', NULL, '75b172fa2d6f2e6a66639a771d8b164e.pdf', 'N', '2017-01-24 04:50:16', '2017-01-26 04:19:20'),
(24, NULL, 'MEM20023', 'Thomas Paul', 'Emmatty', 'xx', 'male', 'Dubai', 'Dubai', 'AE', '0509007670', 5, 'Swimming', 'xx', '', 'Athlete', '31/03/2002', 'K6398306', '20/06/2017', NULL, '4e0445a56ab406bb05f811b3d55c37f4.pdf', 'N', '2017-01-24 05:00:11', '2017-01-26 04:24:49'),
(25, '3a3ac3a1f3300fb74876db6f06084ac8.jpg', 'MEM20024', 'Diya Mary', 'Mathew', 'xx', 'male', 'Dubai', 'Dubai', 'AE', '0562444207', 5, 'Swimming', 'xx', '', 'Athlete', '17/04/2000', 'K3833644', '29/08/2017', NULL, '52601de8c5f7c6011600c076fc27ed6f.pdf', 'N', '2017-01-24 05:03:09', '2017-01-26 04:21:13'),
(26, 'a21bb2e2cd63b29e73f060f145d43530.jpg', 'MEM20025', 'Tanish George', 'Mathew', 'xx', 'male', 'Dubai', 'Dubai', 'AE', '0562444207', 5, 'Swimming', 'xx', '', 'Athlete', '10/09/2003', 'K8708431', '07/04/2017', NULL, '9f975c4e2982128dda6de00357f9443e.pdf', 'N', '2017-01-24 05:06:23', '2017-01-26 04:23:47'),
(27, 'd21e8fba936bf38bdd25f7dd3caf81ae.png', 'MEM20026', 'Ashenka Minali Hewathanthirige', 'Silva', 'xx', 'female', 'Dubai', 'Dubai', 'LK', '0503868168', 5, 'Swimming', 'xx', '', 'Athlete', '22/08/2004', 'N6763598', '29/07/2026', NULL, '6030ba87fabe379432fe696217352fae.pdf', 'N', '2017-01-24 05:11:54', '2017-01-24 05:11:54'),
(28, '90fb393c648a972a0da67ceef44709dc.jpg', 'MEM20027', 'Meghna Kiran', 'Parakkal', 'xx', 'male', 'Dubai', 'Dubai', 'AE', '0503176550', 5, 'Swimming', 'xx', '', 'Athlete', '26/05/2004', 'N0600939', '15/09/2020', NULL, '9d56cb805240a270d8eec3d982a5b95b.pdf', 'N', '2017-01-24 05:18:13', '2017-01-26 04:23:22'),
(29, '87c17f0fe9a66c47bba08de98a497c36.png', 'MEM20028', 'Inaya Alnoor', 'Nagji', 'xx', 'female', 'Dubai', 'Dubai', 'CA', '0504580372', 5, 'Swimming', 'xx', '', 'Athlete', '16/01/2004', 'HM679695', '27/10/2021', NULL, 'ce1ad3b73753427cdd4334a8d06c9082.pdf', 'N', '2017-01-24 05:21:20', '2017-01-24 05:21:20'),
(30, '83607d029f9c120ce872bde8200fbdae.jpg', 'MEM20029', 'Shakthi', 'Balakrishnan', 'xx', 'female', 'Dubai', 'Dubai', 'IN', '0566443134', 5, 'Swimming', 'xx', '', 'Athlete', '12/03/2005', 'N7702752', '09/03/2021', NULL, '3dae23a4bc30c23e6b5ae6480ab97276.pdf', 'N', '2017-01-24 05:24:19', '2017-01-24 05:24:19'),
(31, NULL, 'MEM20030', 'Hriday Santosh', 'Sundaram', 'xx', 'male', 'Dubai', 'Dubai', 'AE', '0508773159', 5, 'Swimming', 'xx', '', 'Athlete', '26/02/2004', 'L7214688', '26/03/2019', NULL, '285d29bf53156af4855109b5080c7289.pdf', 'N', '2017-01-24 05:26:47', '2017-01-26 04:21:51'),
(32, NULL, 'MEM20031', 'Amogh', 'Anand Venkatesh', 'xx', 'male', 'Dubai', 'Dubai', 'AE', '0506570775', 5, 'Swimming', 'xx', '', 'Athlete', '07/05/2006', 'P6262051', '17/10/2021', NULL, '90a9ffadfbfc43a77e0817dc3c8258fb.pdf', 'N', '2017-01-24 05:29:35', '2017-01-26 04:20:44'),
(33, '6281addbc31ed24a8984c268c5e7518c.png', 'MEM20032', 'Harsh Vinod', 'Menon', 'xx', 'male', 'Dubai', 'Dubai', 'IN', '0507849509', 5, 'Swimming', 'xx', '', 'Athlete', '24/06/2002', 'K7033060', '27/06/2017', NULL, '5260e0706018c9839ad121f380147901.pdf', 'N', '2017-01-24 05:33:35', '2017-01-24 05:33:35'),
(34, NULL, 'MEM20033', 'Keziah Catherine', 'John', 'xx', 'male', 'Dubai', 'Dubai', 'AE', '0509007670', 5, 'Swimming', 'xx', '', 'Athlete', '16/12/2004', 'M7253621', '27/05/2020', NULL, '1d5d2d0505f83695b9305195814b7fd2.pdf', 'N', '2017-01-24 05:37:57', '2017-01-26 04:22:37'),
(35, NULL, 'MEM20034', 'Agnij', 'Anand', 'xx', 'male', 'Dubai', 'Dubai', 'IN', '0505508595', 5, 'Swimming', 'xx', '', 'Athlete', '27/09/2002', 'L0039367', '07/04/2018', NULL, 'eaae6a5852e7c602f690c22de5a489e5.pdf', 'N', '2017-01-24 05:46:29', '2017-01-24 05:46:29'),
(36, '27692101df7b4b8e81608bcb29bbbed0.jpg', 'MEM20035', 'Vineeth', 'Balakrishnan', 'xx', 'male', 'Dubai', 'Dubai', 'AE', '0543058424', 5, 'Swimming', 'xx', '', 'Technical', '01/02/1989', 'M4971844', '28/12/2024', NULL, 'e76b98da98bda7e94be4bbeebb798ce5.pdf', 'N', '2017-01-24 06:00:33', '2017-01-24 06:03:30'),
(37, '403eb9f5767d623a2001927c48025402.jpg', 'MEM20036', 'Pradeep Kumar', 'Sreedharan', 'xx', 'male', 'Dubai', 'Dubai', 'IN', '0543048454', 5, 'Swimming', 'xx', '', 'Technical', '01/06/1963', 'Z1911011', '27/04/2019', NULL, '75a8eb2bd0742237c2339404d6372793.pdf', 'N', '2017-01-24 06:11:04', '2017-01-24 06:11:04'),
(38, '520da8d101c5e838b830b82b18d19436.JPG', 'MEM20037', 'ZAID', 'KHALAF', 'HEMOOD', 'male', 'ALDHID', 'Sharjah', 'IQ', '0556046947', 9, 'Swimming', 'NO', '', 'Athlete', '15/01/1996', 'A6110465', '16/04/2020', NULL, NULL, 'N', '2017-01-24 07:52:48', '2017-01-24 07:52:48'),
(39, '340cdfa94fe71c0ff6dd9def0a914c47.JPG', 'MEM20038', 'KINAN', 'ALALI', 'MOHAMED', 'male', 'ALDHID', 'Sharjah', 'SY', '0556046947', 9, 'Swimming', 'NO', '', 'Athlete', '23/08/2001', '009201146', '24/08/2019', NULL, '2da23dd63199ad02237401d1f679b128.pdf', 'N', '2017-01-24 07:59:02', '2017-01-24 07:59:02'),
(40, '6b4e84f8b8f9fb7fd3d9b259b18ae506.JPG', 'MEM20039', 'WADAH', 'IDRIS', 'OSAMA', 'male', 'ALDHID', 'Sharjah', 'SD', '0556046947', 9, 'Swimming', 'NO', '', 'Athlete', '03/12/2000', 'P02188396', '15/08/2020', NULL, 'a7e975006569194052498b665a22aa38.pdf', 'N', '2017-01-24 08:06:26', '2017-01-24 08:06:26'),
(41, '1c4a6fb06aad67edcac493fded2f2af5.jpg', 'MEM20040', 'RASHED', 'ALKETBI', 'MUBARAK', 'male', 'ALDHID', 'Sharjah', 'AE', '0556046947', 9, 'Swimming', 'NI', '', 'Athlete', '22/07/2000', 'GL1874772', '20/12/2021', NULL, 'bcc007d454415d3dfe5f4d66e59eac28.pdf', 'N', '2017-01-24 08:11:23', '2017-01-24 08:11:23'),
(42, '8f7b7120ad3b33e71398690eea276f2a.JPG', 'MEM20041', 'MAZEN', 'KRKOT', 'OSAMA', 'male', 'ALDHID', 'Sharjah', 'SY', '0556046947', 9, 'Swimming', 'NO', '', 'Athlete', '09/11/2002', '006746188', '28/02/2018', NULL, 'ae69c7593f3f778c21de470d4c43774a.pdf', 'N', '2017-01-24 08:22:33', '2017-01-24 08:22:33'),
(43, '3dde34e68641694e64d2bd086ec4c22e.JPG', 'MEM20042', 'YASSIN', 'HASSANIN', 'FEKRI', 'male', 'ALDHID', 'Sharjah', 'EG', '0556046947', 9, 'Swimming', 'NO', '', 'Athlete', '01/10/2002', 'A08438347', '09/12/2019', NULL, '5c6d5e5ae7c1be37e89a7280da112525.pdf', 'N', '2017-01-24 08:26:20', '2017-01-24 08:26:20'),
(44, 'cfeb6bb385d7487e2ae7f9d1fb610dd5.jpg', 'MEM20043', 'SAEED', 'ALKETBI', 'SULTAN', 'male', 'ALDHID', 'Sharjah', 'AE', '0556046947', 9, 'Swimming', 'NO', '', 'Athlete', '28/08/2003', 'J82R428617', '19/07/2020', NULL, 'ea2b28a9c76139369da321c71ad5888d.pdf', 'N', '2017-01-24 08:35:20', '2017-01-24 08:35:20'),
(45, '4fd252d06723e7f3eefd79cd052bca07.JPG', 'MEM20044', 'BASIL', 'AL ALI', 'MOHAMED', 'male', 'ALDHID', 'Sharjah', 'SY', '0556046947', 9, 'Swimming', 'NO', '', 'Athlete', '08/01/2005', '009201145', '24/08/2020', NULL, '96b34cae949216cd7b0e32acc473cb9b.pdf', 'N', '2017-01-24 08:41:53', '2017-01-24 08:41:53'),
(46, 'd688bb2ac0c1163074d7b86d7473cb20.JPG', 'MEM20045', 'MOAZ', 'SAID', 'OSAMA', 'male', 'ALDHID', 'Sharjah', 'EG', '0556046947', 9, 'Swimming', 'NO', '', 'Athlete', '23/08/2006', 'A10261962', '13/08/2020', NULL, '759cbfb757492ae7fc7b5f7889ef6740.pdf', 'N', '2017-01-24 08:49:58', '2017-01-24 08:49:58'),
(47, '028480fafe26de48c40320dd9374f120.JPG', 'MEM20046', 'ABDULLA', 'SAID', 'OSAMA', 'male', 'ALDHID', 'Sharjah', 'EG', '0556046947', 9, 'Swimming', 'NO', '', 'Athlete', '23/08/2006', 'A10262000', '13/08/2020', NULL, '053fc4411525e3fa6214cef70ef13680.pdf', 'N', '2017-01-24 08:54:06', '2017-01-24 08:54:06'),
(48, '40091e815904fc3f3c0dcf4cefcb78f4.jpg', 'MEM20047', 'Ayesha Nadeem', 'Merchant', 'xx', 'female', 'Dubai', 'Dubai', 'IN', '0558821450', 11, 'Swimming', 'xx', '', 'Athlete', '13/03/2006', 'J5961811', '19/04/2016', 'IMG-a1fe9c3238de1d9.png', '56d30630c596b3dfff0a89c39691cb2e.pdf', 'Y', '2017-01-24 09:49:29', '2017-01-24 09:49:29'),
(49, 'd397dd65691e32a015905a2c5b830300.jpg', 'MEM20048', 'Bader Sasi Fuad', 'Atiyah', 'xx', 'male', 'Dubai', 'Dubai', 'LY', '0504960242', 11, 'Swimming', 'xx', '', 'Athlete', '24/04/2006', 'FCLGG0NY', '04/04/2024', NULL, 'a06bade872fdd0a893839cae1381962f.pdf', 'Y', '2017-01-24 09:53:40', '2017-01-24 09:53:40'),
(50, '33f0fcd3f7e523443881da6a3a860eda.jpg', 'MEM20049', 'Earl Jann', 'Berina', 'xx', 'male', 'Dubai', 'Dubai', 'PH', '0527555638', 11, 'Swimming', 'xx', '', 'Athlete', '16/03/2004', 'EB9792789', '10/12/2018', NULL, '0bd8204068ef5a937fa95d1d2a294bb9.pdf', 'Y', '2017-01-24 09:56:12', '2017-01-24 09:56:12'),
(51, 'c10a998aa70dcaaa9037c08fbd23f6c1.jpg', 'MEM20050', 'Mohammed Faizaan', 'Merchant', 'xx', 'male', 'Dubai', 'Dubai', 'IN', '0558821450', 11, 'Swimming', 'xx', '', 'Athlete', '14/09/2003', 'L1221646', '005/06/2018', NULL, 'af56e6463eb9c2a456ce0d21678d0568.pdf', 'Y', '2017-01-24 09:59:30', '2017-01-24 09:59:30'),
(52, '9b362e1881937caa42167afe379c9747.jpg', 'MEM20051', 'Isabel Maria', 'William', 'xx', 'male', 'Dubai', 'Dubai', 'AE', '0505624635', 11, 'Swimming', 'xx', '', 'Athlete', '07/03/2008', 'L1438696', '15/04/2018', NULL, 'd28ea433a7ec5fcceee9aa514a4061b4.pdf', 'Y', '2017-01-24 10:03:57', '2017-01-26 03:36:52'),
(53, 'a8511099e938a127cb94624587450c4b.jpg', 'MEM20052', 'Mohamed Sasi Fuad', 'Atiyah', 'xx02/13/2005', 'male', 'Dubai', 'Dubai', 'LY', '0504960242', 11, 'Swimming', 'xx', '', 'Athlete', '13/02/2005', 'FCZ4J5ZR', '04/04/2024', NULL, '4fac4b448b576b665242acd3ce4a91f7.pdf', 'Y', '2017-01-24 10:06:13', '2017-01-24 10:06:13'),
(54, 'af4dd9277e3a7a67bed8481227a29990.jpg', 'MEM20053', 'Rushad Murazban', 'Patel', 'xx', 'male', 'Dubai', 'Dubai', 'IN', '0507495961', 11, 'Swimming', 'xx', '', 'Athlete', '13/03/2001', 'M7027365', '17/03/2020', NULL, '0a4c66d002aecf97c441c0438dd97fa2.pdf', 'Y', '2017-01-24 10:11:20', '2017-01-24 10:11:20'),
(55, '6484bcceadfee002a7971a8d6660ca81.jpg', 'MEM20054', 'Shraddha', 'Sathish', 'xx', 'female', 'Dubai', 'Dubai', 'IN', '0505869290', 11, 'Swimming', 'xx', '', 'Athlete', '14/04/2008', 'L5949856', '13/01/2019', NULL, '52888115525aae21b3c4f4d780833014.pdf', 'Y', '2017-01-24 10:13:50', '2017-01-24 10:13:50'),
(56, '47e0030d3f9ea4c4e8f49aae2db92adf.jpg', 'MEM20055', 'Siddhant', 'Mhatre Manish', 'xx', 'male', 'Dubai', 'Dubai', 'IN', '0508855979', 11, 'Swimming', 'xx', '', 'Athlete', '21/10/2002', 'L5902224', '27/01/2019', NULL, '4e48d23919f77f8b54ab68cb3b05e3ab.pdf', 'Y', '2017-01-24 10:16:55', '2017-01-24 10:16:55'),
(57, '75cee3c69a0de385446f652d61627ae5.jpg', 'MEM20056', 'Utkarsh', 'Bhoumick', 'xx', 'male', 'Dubai', 'Dubai', 'IN', '0506967869', 11, 'Swimming', 'alt mob. 0505065865', '', 'Athlete', '07/09/2000', 'M9118369', '04/07/2020', NULL, '407a9eb4dc8bbf9ffedef84cafbf1ae8.pdf', 'Y', '2017-01-24 10:19:53', '2017-01-24 10:19:53'),
(58, 'b566b856d67429976890e89911cd5b62.jpg', 'MEM20057', 'Zane', 'Luis', 'xx', 'male', 'Dubai', 'Dubai', 'IN', '0501007638', 11, 'Swimming', 'alt mob no.  0509389376', '', 'Athlete', '30/09/2007', 'K7474530', '02/09/2017', NULL, '160091e0b7a79697b3ffde3b951e8525.pdf', 'Y', '2017-01-24 10:23:31', '2017-01-24 10:23:31'),
(59, '1159cc543885d7b2bb79e7b038401d61.jpg', 'MEM20058', 'Timothi Jaymes', 'Berina', 'xx', 'male', 'Dubai', 'Dubai', 'PH', '0527555638', 11, 'Swimming', 'xx', '', 'Athlete', '09/10/2002', 'EB5961286', '10/12/2018', NULL, '60197db1b839bef7d24d95ceb3aeffa2.pdf', 'Y', '2017-01-24 10:27:41', '2017-01-24 10:27:41'),
(60, NULL, 'MEM20059', 'Taher', 'Tambawala', 'xx', 'male', 'Dubai', 'Dubai', 'AE', '0557452369', 11, 'Swimming', 'xx', '', 'Athlete', '09/09/2011', 'K9253772', '13/02/2018', NULL, '305e49573b3e37d9f128c9fdf258ba4b.pdf', 'N', '2017-01-24 10:30:50', '2017-01-26 03:58:36'),
(61, NULL, 'MEM20060', 'Tahera', 'Tambawala', 'xx', 'male', 'Dubai', 'Dubai', 'AE', '0557452369', 11, 'Swimming', 'xx', '', 'Athlete', '09/09/2011', 'K9254303', '13/02/2018', NULL, '32687ed10d3a58f2bcc1c6155feba421.pdf', 'N', '2017-01-24 10:33:18', '2017-01-26 03:59:19'),
(62, 'ac68f92fb0986b4fafa4dec53dd0aef3.jpg', 'MEM20061', 'Ria Rakesh', 'Bangera', 'xx', 'male', 'Dubai', 'Dubai', 'AE', '0555130372', 11, 'Swimming', 'xx', '', 'Athlete', '05/12/2011', 'K4615076', '01/02/2017', NULL, 'ea6e8bbe4e5687fdc353e4ae045d6bcd.pdf', 'N', '2017-01-24 10:43:23', '2017-01-26 04:00:10'),
(63, '20e77075ec781bdbbcdde141caf56b63.jpg', 'MEM20062', 'Homesh Shankar', 'Bajaj', 'xx0', 'male', 'Dubai', 'Dubai', 'AE', '0505503371', 11, 'Swimming', 'xx', '', 'Athlete', '11/02/2006', 'M1348180', '22/09/2019', NULL, '4cb83cd73f4d94b6b665d5da11829057.pdf', 'N', '2017-01-24 10:46:56', '2017-01-26 04:02:14'),
(64, NULL, 'MEM20063', 'Rhea Isabel', 'Hooper', 'xx', 'female', 'Dubai', 'Dubai', 'IN', '0526951150', 11, 'Swimming', 'home no. 04 294 2770', '', 'Athlete', '18/10/2007', 'K5268256', '16/07/2017', NULL, 'dcda432c4275404ad68c8145193e49f7.pdf', 'N', '2017-01-24 10:50:47', '2017-01-24 10:50:47'),
(65, '3ed4374ff10cd964ca9b5636fe4c33ae.jpg', 'MEM20064', 'Nicole Ann', 'Hooper', 'xx', 'female', 'Dubai', 'Dubai', 'IN', '0526951150', 11, 'Swimming', 'home no.  04 294 2770', '', 'Athlete', '02/08/2009', 'M2257621', '06/10/2019', NULL, 'ee0382c609b2c88dbdf7b3bd2d1f2bcd.pdf', 'N', '2017-01-24 10:53:00', '2017-01-24 10:53:00'),
(66, 'a1fa02ebc5d02f534c7097148efbc381.jpg', 'MEM20065', 'Shenon', 'Dsouza', 'xx', 'male', 'Dubai', 'Dubai', 'IN', '0508492109', 11, 'Swimming', 'xx', '', 'Athlete', '14/04/2011', 'N7704746', '13/03/2021', NULL, '363b5e8e14d5814dba98b9b2e1c19850.pdf', 'N', '2017-01-24 10:54:59', '2017-01-24 10:54:59'),
(67, '206ebd8a482d9d280d882676d4edd8a8.jpg', 'MEM20066', 'Tashia Alice', 'Pinto', 'xx', 'female', 'Dubai', 'Dubai', 'IN', '0526951150', 11, 'Swimming', 'home no.  04 294 2770', '', 'Athlete', '19/12/2010', 'N2960107', '3011/2020', NULL, '4a9b1ef037b3682fd29c43a47bb3a06b.pdf', 'N', '2017-01-24 10:59:08', '2017-01-24 10:59:08'),
(68, '33639a14d557d97cc6a881d5860a699a.jpg', 'MEM20067', 'Liam Marcus', 'Olaes', 'xx', 'male', 'Dubai', 'Dubai', 'PH', '0557361320', 11, 'Swimming', 'xx', '', 'Athlete', '12/10/2009', 'EC1305689', '/20/06/2019', NULL, '1a0586a871bc664fd2042d06ebb0a843.pdf', 'N', '2017-01-24 11:01:26', '2017-01-24 11:01:26'),
(69, '9ff4fd3265f5cfaac049f95457edd6e8.jpg', 'MEM20068', 'Syed Arhaan', 'Ahmed', 'xx', 'male', 'Dubai', 'Dubai', 'IN', '0569914424', 11, 'Swimming', 'xx', '', 'Athlete', '18/12/2008', 'L9463515', '21/05/2019', NULL, 'e28968b175f83866dcf7c0512fed228a.pdf', 'N', '2017-01-24 11:04:15', '2017-01-24 11:04:15'),
(70, NULL, 'MEM20069', 'Shaurya Dharmesh', 'Tala', 'xx', 'male', 'Dubai', 'Dubai', 'AE', '0556423162', 11, 'Swimming', 'xx', '', 'Athlete', '31/03/2011', 'P0363451', '16/05/2021', NULL, NULL, 'N', '2017-01-24 11:07:00', '2017-01-24 11:07:00'),
(71, NULL, 'MEM20070', 'Hemish', 'Tilak', 'xx', 'male', 'Dubai', 'Dubai', 'IN', '0508128758', 11, 'Swimming', 'xx', '', 'Athlete', '16/07/2007', 'M1260226', '19/08/2019', NULL, 'd5778656e47776c5364bae608f1094e6.pdf', 'N', '2017-01-24 11:09:05', '2017-01-24 11:09:05'),
(72, NULL, 'MEM20071', 'Aarush Rohit', 'Pohani', 'xx', 'male', 'Dubai', 'Dubai', 'IN', '0501892514', 11, 'Swimming', 'Add Mob. No. 0556233371', '', 'Athlete', '21/01/2010', 'M9557449', '15/07/2020', NULL, '93e911c16626a82e15acd4e8ad07d84b.pdf', 'N', '2017-01-24 11:11:39', '2017-01-24 11:11:39'),
(73, '63006ade11e33f9dd75df33e851defc3.jpg', 'MEM20072', 'Rhea', 'Deepak Nicholas', 'xx', 'female', 'Dubai', 'Dubai', 'IN', '0562697218', 11, 'Swimming', 'xx', '', 'Athlete', '18/01/2011', 'N9435573', '27/03/2021', NULL, '98db6ec88fc8e67d20a7ef4d6acef474.pdf', 'N', '2017-01-24 11:16:06', '2017-01-24 11:16:06'),
(74, 'd43d5c77f7c7c3ce09f4bbdd3eb45ee7.jpg', 'MEM20073', 'Aleron', 'D''Silva', 'xx', 'male', 'Dubai', 'Dubai', 'AE', '0526951150', 11, 'Swimming', 'home no.  04 294 2770', '', 'Athlete', '24/10/2011', 'P6263317', '19/10/2021', NULL, '8e243cc909bc72012f0435fb77921cc7.pdf', 'N', '2017-01-24 11:18:26', '2017-01-26 03:38:50'),
(75, '93438dc4b51a63bdd2ca59b3086588fd.jpg', 'MEM20074', 'Arunima', 'Santhosh', 'xx', 'female', 'Dubai', 'Dubai', 'IN', '0504795069', 11, 'Swimming', 'xx', '', 'Athlete', '08/02/2007', 'K5727287', '06/03/2017', NULL, 'caf50b7c2a5bda506a51ac17204ea19d.pdf', 'Y', '2017-01-24 11:22:07', '2017-01-24 11:22:07'),
(76, NULL, 'MEM20075', 'Gabriella Chukwufulumnanya', 'Achukwu', 'xx', 'female', 'Dubai', 'Dubai', 'NG', '0507028022', 11, 'Swimming', 'xx', '', 'Athlete', '07/10/2012', 'A04405617', '10/01/2018', NULL, '8bcedc4955020fbe7b3b0d479577ccc5.pdf', 'N', '2017-01-24 11:25:45', '2017-01-24 11:25:45'),
(77, NULL, 'MEM20076', 'Michaela Nwando Afomachukwu', 'Achukwu', 'xx', 'male', 'Dubai', 'Dubai', 'NG', '057028022', 11, 'Swimming', 'xx', '', 'Athlete', '22/03/2010', 'A05883726', '02/04/2020', NULL, 'b674b95a1a653a6dd629e726943ee99d.pdf', 'N', '2017-01-24 11:34:02', '2017-01-24 11:34:02'),
(78, 'bd1b1d8af4b977714a23ffc05a0d3236.jpg', 'MEM20077', 'Venessa Jeromina', 'Nambirajan', 'xx', 'female', 'Dubai', 'Dubai', 'IN', '0551230980', 11, 'Swimming', 'xx', '', 'Athlete', '30/09/2008', 'M2822961', '08/10/2019', NULL, 'c3c65525a93a44fa3f3e13148654d72e.pdf', 'Y', '2017-01-25 04:22:09', '2017-01-25 04:22:09'),
(79, '48b5c4a7b5e52af15e5f94ac191913cf.jpg', 'MEM20078', 'Lakshya', 'Kaliyamoorthy', 'xx', 'female', 'Dubai', 'Dubai', 'IN', '0558350831', 11, 'Swimming', 'xx', '', 'Athlete', '30/09/2008', 'L5908894', '14/12/2018', NULL, '861862204892368a944946496d61750d.pdf', 'Y', '2017-01-25 04:25:17', '2017-01-25 04:25:17'),
(80, '6d4ab7331bc9290f72b7240a95e815aa.jpg', 'MEM20079', 'Kumayl', 'Husain', 'xx', 'male', 'Dubai', 'Dubai', 'GB', '0519783108', 11, 'Swimming', 'xx', '', 'Athlete', '22/01/2011', '526924986', '08/01/2021', NULL, '50e3711977c3d0f85e1f74f76d00747f.pdf', 'Y', '2017-01-25 04:27:30', '2017-01-25 04:27:30'),
(81, '932fe76c20a296e4a9f68f67acdd9c9a.jpg', 'MEM20080', 'Kautilya', 'Malhotra', 'xx', 'male', 'Dubai', 'Dubai', 'IN', '0505803880', 11, 'Swimming', 'xx', '', 'Athlete', '13/02/2009', 'L4918268', '09/11/2018', NULL, 'e11768cfcee14b7796fb849679777a56.pdf', 'Y', '2017-01-25 04:30:35', '2017-01-25 04:30:35'),
(82, '999751ea8879ce0d311eff71acd11e2e.jpg', 'MEM20081', 'Hassan Sherif Ahmed Aly', 'Gad', 'xx', 'male', 'Dubai', 'Dubai', 'EG', '0506457760', 11, 'Swimming', 'xx', '', 'Athlete', '08/04/2012', 'A06771024', '18/04/2019', NULL, '66d2b3ed6c56f8c3c9a9e8ecdd9fe77d.pdf', 'Y', '2017-01-25 04:33:08', '2017-01-25 04:33:08'),
(83, '0471261494401bbd15015e8efe754b2f.jpg', 'MEM20082', 'Devasmitha', 'Ganesh', 'xx', 'female', 'Dubai', 'Dubai', 'IN', '0503675384', 11, 'Swimming', 'xx', '', 'Athlete', '10/02/2007', 'J5982959', '12/09/2016', NULL, '0d1fccfdcd413f2091ae38f8e8a29735.pdf', 'Y', '2017-01-25 04:35:15', '2017-01-25 04:35:15'),
(84, '9d179a0a0a2f61b2175c13aab38a3943.jpg', 'MEM20083', 'Arusha Jaibharath', 'Mudaliar', 'xx', 'female', 'Dubai', 'Dubai', 'IN', '0561035343', 11, 'Swimming', 'xx', '', 'Athlete', '06/07/2011', 'K1916177', '30/01/2017', NULL, 'b7f70aa779f8125732ed61e82152fad6.pdf', 'Y', '2017-01-25 04:41:54', '2017-01-25 04:41:54'),
(85, '6781437f491c8d4741e335a2151867bf.jpg', 'MEM20084', 'Ayaan Gaisar', 'Upadhe', 'xx', 'male', 'Dubai', 'Dubai', 'IN', '0507514717', 11, 'Swimming', 'xx', '', 'Athlete', '01/11/2008', 'L9766707', '23/04/2019', NULL, 'd61bb07ae4c35806f9f4415ca0a90d6c.pdf', 'Y', '2017-01-25 04:51:55', '2017-01-25 04:51:55'),
(86, 'bc86605d4e2d87987c23a007182e6505.jpg', 'MEM20085', 'Anousha Sabrin', 'Javid Ahamed', 'xx', 'male', 'Dubai', 'Dubai', 'AE', '0509448869', 11, 'Swimming', 'Alt No.  0521311266', '', 'Athlete', '22/08/2009', 'M0909761', '09/09/2019', NULL, '343e7e956f0c46423cbf91baeffdfa9d.pdf', 'Y', '2017-01-25 04:54:39', '2017-01-25 04:55:06'),
(87, 'aa6662cc248c472a007abdb58259ebcd.jpg', 'MEM20086', 'Adhrit', 'Nirupam', 'xx', 'male', 'Dubai', 'Dubai', 'IN', '0554391858', 11, 'Swimming', 'xx', '', 'Athlete', '11/02/2012', 'K4085501', '05/07/2017', NULL, '612995af99741c9e029563420cf00c90.pdf', 'Y', '2017-01-25 05:04:24', '2017-01-25 05:04:24'),
(88, 'e4c863c686b7cb255e960e8b8f4c6e2b.jpg', 'MEM20087', 'Ronita Antonia', 'Master', 'xx', 'female', 'Dubai', 'Dubai', 'ZA', '0509577942', 11, 'Swimming', 'xx', '', 'Athlete', '11/07/2011', 'A03743652', '28/02/2021', NULL, '108ef5f4e9b7e805bf41a605f49d43b0.pdf', 'Y', '2017-01-25 05:06:35', '2017-01-25 05:06:35'),
(89, 'd20a47590ea58d355d253d6c430fc2a1.jpg', 'MEM20088', 'Rolean Evelyn', 'Master', 'xx', 'female', 'Dubai', 'Dubai', 'ZA', '0509577942', 11, 'Swimming', 'xx', '', 'Athlete', '14/04/2009', 'A03460043', '03/06/2019', NULL, '0864cf51bbdf657470a3cd2e4b9e7326.pdf', 'Y', '2017-01-25 05:08:47', '2017-01-25 05:08:47'),
(90, '435363f4070ce623138dd337df878abc.jpg', 'MEM20089', 'Reda Elgobashy Eladawy Sayed Ahmed', 'Abouelsaad', 'xx', 'male', 'Dubai', 'Dubai', 'AE', '0526951150', 11, 'Swimming', 'xx', '', 'Technical', '05/12/1989', 'A10701532', '22/10/2020', NULL, NULL, 'Y', '2017-01-25 05:15:26', '2017-01-26 03:38:28'),
(91, '023b50fc103d9984db7e4eb1047a384d.jpg', 'MEM20090', 'NASER', 'ALMANSOORI', 'MOHAMED', 'male', 'abudhabi', 'Abu Dhabi', 'AE', '0502822265', 3, 'Swimming', 'NO', '', 'Athlete', '15/01/2003', 'HKGJ14535', '29/05/2018', 'IMG-5cde3b1ef8e7d55.png', 'd97b92298fdcbe82fe2583f2d7b6dc89.pdf', 'Y', '2017-01-25 11:48:50', '2017-01-25 11:48:50'),
(92, '91272821586d0fb4e240f0e475fe808c.jpg', 'MEM20091', 'HAMAD', 'ALKUWAITI', 'MOHAMED', 'male', 'abudhabi', 'Abu Dhabi', 'AE', '0502822265', 3, 'Swimming', 'NO', '', 'Athlete', '02/03/2005', 'H3C378273', '13/07/2020', NULL, 'ff9c83803ef340a9dc8dcc491b1a165c.pdf', 'N', '2017-01-25 01:36:20', '2017-01-25 01:36:20'),
(93, 'a045d07b77ba355d1822863fad2fb695.jpg', 'MEM20092', 'BAKHEET', 'ALQUBAISI', 'SALEH', 'male', 'abudhabi', 'Abu Dhabi', 'AE', '0502822265', 3, 'Swimming', 'NO', '', 'Athlete', '22/07/2005', 'RYL034414', '20/06/2020', NULL, 'cbd95fcf2ee8386361725d119eb09d82.pdf', 'N', '2017-01-25 01:39:33', '2017-01-25 01:39:33'),
(94, 'c7a3a24bd3cb19f4d8d1967293c8fe04.jpg', 'MEM20093', 'HAMAD', 'ALQUBAISI', 'EISSA', 'male', 'abudhabi', 'Abu Dhabi', 'AE', '0502822265', 3, 'Swimming', 'NO', '', 'Athlete', '23/09/2005', 'N8RZ99507', '04/07/2017', NULL, 'cc0460ed61a83ca601683c9b9f8a72bd.pdf', 'N', '2017-01-25 01:57:23', '2017-01-25 01:57:23'),
(95, '6a6fd76466a55d057033e4c75cdf2d09.jpg', 'MEM20094', 'MAZEN', 'ABOUELMAGD', 'YASSER', 'male', 'abudhabi', 'Abu Dhabi', 'EG', '0502822265', 3, 'Swimming', 'NO', '', 'Athlete', '22/08/2005', 'A18963810', '12/08/2023', NULL, NULL, 'N', '2017-01-25 02:26:48', '2017-01-25 02:26:48'),
(96, '3142302eafd1eedd3230c7f09dbdfc5c.jpg', 'MEM20095', 'FALAH', 'ALSAEEDI', 'QAIS', 'male', 'abudhabi', 'Abu Dhabi', 'AE', '0502822265', 3, 'Swimming', 'NO', '', 'Athlete', '21/01/2004', 'FPHR47329', '10/09/2019', NULL, '2e8e9aba39eb7517b162270263063fa6.pdf', 'N', '2017-01-25 02:35:30', '2017-01-25 02:35:30'),
(97, '5bf8cf90a3860d3d5bc216317a4dfa9e.jpg', 'MEM20096', 'HAMAD', 'ALMANSOORI', 'MOHAMED', 'male', 'abudhabi', 'Abu Dhabi', 'AE', '0502822265', 3, 'Swimming', 'NO', '', 'Athlete', '15/12/2004', 'K43Z90066', '09/04/2015', NULL, '66c576c14394f55d0af160b5a0863e4d.pdf', 'N', '2017-01-25 02:38:51', '2017-01-25 02:38:51'),
(98, NULL, 'MEM20097', 'YOUSSEF', 'ALMANDRAWI', 'WAEL', 'male', 'abudhabi', 'Abu Dhabi', 'EG', '0502822265', 3, 'Swimming', 'NO', '', 'Athlete', '04/02/2004', 'A06239355', '14/02/2019', NULL, NULL, 'N', '2017-01-25 02:41:46', '2017-01-25 02:41:46'),
(99, NULL, 'MEM20098', 'MOHAMED', 'ALQUBAISI', 'EISSA', 'male', 'abudhabi', 'Abu Dhabi', 'AE', '0502822265', 3, 'Swimming', 'no', '', 'Athlete', '27/08/2004', 'N90867845', '04/04/2017', NULL, 'abffcc7184a5a7caa702440e650262e7.pdf', 'N', '2017-01-25 02:51:30', '2017-01-25 02:51:30'),
(100, NULL, 'MEM20099', 'MOHAMED', 'KHELIL', 'FAOUZI', 'male', 'abudhabi', 'Abu Dhabi', 'TN', '0502822265', 3, 'Swimming', 'no', '', 'Athlete', '08/08/2006', 'x449321', '02/10/2021', NULL, '5a37aa3c96fef27368c90939585869f8.pdf', 'N', '2017-01-25 03:02:25', '2017-01-25 03:02:25'),
(101, NULL, 'MEM20100', 'AHMED', 'HELAL', 'KHALED', 'male', 'abudhabi', 'Abu Dhabi', 'EG', '0502822265', 3, 'Swimming', 'NO', '', 'Athlete', '13/07/2000', 'A19589259', '22/01/2023', NULL, NULL, 'N', '2017-01-25 03:21:31', '2017-01-25 03:21:31'),
(102, NULL, 'MEM20101', 'HAMDAN', 'ALKHEMEIRI', 'ABDULLA', 'male', 'abudhabi', 'Abu Dhabi', 'AE', '0502822265', 3, 'Swimming', 'NO', '', 'Athlete', '03/12/2000', '2745524', '17/07/2016', NULL, 'f7acb7c0057dcef369eec67d6d1e2b9b.pdf', 'N', '2017-01-25 03:23:56', '2017-01-25 03:23:56'),
(103, 'cccc30690a2c8080c4c8351073f9e78a.jpg', 'MEM20102', 'KALIFA', 'ALSAEEDI', 'QAIS', 'male', 'abudhabi', 'Abu Dhabi', 'AE', '0502822265', 3, 'Swimming', 'NO', '', 'Athlete', '114/09/2000', 'Z47678575', '25/07/2017', NULL, 'cbe7247e5e3d0508ccc038d938ed3f46.pdf', 'N', '2017-01-25 03:28:10', '2017-01-25 03:28:10'),
(104, 'dedcd287906b5ca7b8803ace7378f18e.jpg', 'MEM20103', 'LEWIS', 'BURRAS', 'EDWARD', 'male', 'abudhabi', 'Abu Dhabi', 'IE', '0502822265', 3, 'Swimming', 'NO', '', 'Athlete', '12/02/2000', '533145050', '16/11/2020', NULL, '6a8a74f6fa0636e4cb5927f87e0c4ede.pdf', 'N', '2017-01-25 03:49:40', '2017-01-25 03:49:40'),
(105, '5899f964daefede2fa507de4dd2728fa.jpg', 'MEM20104', 'SULTAN', 'ALJASMI', 'AHMED', 'male', 'abudhabi', 'Abu Dhabi', 'AE', '0502822265', 3, 'Swimming', 'NO', '', 'Athlete', '30/07/1989', 'KP6F32758', '01/07/2020', NULL, 'a07568b7a903ae36cd328a78eb35b255.pdf', 'N', '2017-01-25 04:00:00', '2017-01-25 04:00:00'),
(106, '790ec4773e64441409d475fe08a17178.JPG', 'MEM20105', 'FAISAL', 'ALJASMI', 'AHMED', 'male', 'abudhabi', 'Abu Dhabi', 'AE', '0502822265', 3, 'Swimming', 'NO', '', 'Athlete', '13/07/1991', 'Y71F68451', '17/02/2020', NULL, '1946738f58e07f21c61b112e899ca4ea.pdf', 'N', '2017-01-25 04:05:21', '2017-01-25 04:06:25'),
(107, NULL, 'MEM20106', 'SALEM', 'ALDHAHERI', 'EISSA', 'male', 'abudhabi', 'Abu Dhabi', 'AE', '0502822265', 3, 'Swimming', 'NO', '', 'Athlete', '02/07/1997', 'RK6Z39058', '096/12/2017', NULL, '725cb4882be318aa250ee81552f4aa29.pdf', 'N', '2017-01-25 04:19:36', '2017-01-25 04:19:36'),
(108, '72f850c04ea3e8f082df4202f3693339.jpg', 'MEM20107', 'BAKHEET', 'ALJASMI', 'AHMED', 'male', 'abudhabi', 'Abu Dhabi', 'AE', '0502822265', 3, 'Swimming', 'NO', '', 'Athlete', '09/08/1985', 'FHZ117357', '11/03/2020', NULL, NULL, 'N', '2017-01-25 04:31:41', '2017-01-25 04:31:41'),
(109, NULL, 'MEM20108', 'SAEED', 'ALJASMI', 'AHMED', 'male', 'abudhabi', 'Abu Dhabi', 'AE', '0502822265', 3, 'Swimming', 'NO', '', 'Athlete', '12/08/1982', 'RFK680910', '27/06/2017', NULL, NULL, 'N', '2017-01-25 04:34:28', '2017-01-25 04:34:28'),
(110, NULL, 'MEM20109', 'OBAID', 'ALJASMI', 'AHMED', 'male', 'abudhabi', 'Abu Dhabi', 'AE', '0502822265', 3, 'Swimming', 'NO', '', 'Athlete', '29/07/1981', 'KYL90480', '25/01/2020', NULL, NULL, 'N', '2017-01-25 04:39:17', '2017-01-25 04:39:17'),
(111, 'f900280af6f69ad0215af593e9bee84a.JPG', 'MEM20110', 'KHALIFA', 'ALZAABI', 'HASAN', 'male', 'abudhabi', 'Abu Dhabi', 'AE', '0502822265', 3, 'Swimming', 'NO', '', 'Athlete', '12/07/1997', 'LL6333044', '17/06/2018', NULL, NULL, 'N', '2017-01-25 04:42:00', '2017-01-25 04:42:00'),
(112, '628c751f43918a219f64a823b23248c9.jpg', 'MEM20111', 'TALMIR', 'ISHMUKHAMETOV', 'TALMIR', 'male', 'abudhabi', 'Abu Dhabi', 'AE', '0502822265', 3, 'Swimming', 'NO', '', 'Athlete', '16/02/1994', 'N5769517', '01/04/2018', NULL, '94b2ec0cb7980a92c96973aec1a9eb06.pdf', 'N', '2017-01-25 04:54:27', '2017-01-25 04:54:27'),
(113, 'd9db342be8d83752c8d055084be0b518.jpg', 'MEM20112', 'ISSAM', 'BAHI', 'BAHI', 'male', 'abudhabi', 'Abu Dhabi', 'AE', '0502822265', 3, 'Swimming', 'NO', '', 'Athlete', '16/101986', 'LN2480423', '10/06/2015', NULL, NULL, 'N', '2017-01-25 05:13:40', '2017-01-25 05:40:00'),
(114, '30bbbce546dd6011dace11b0b60cb862.jpg', 'MEM20113', 'MOSTAFA', 'BARAKAT', 'ISMAEIL', 'male', 'DIBBA', 'Fujairah', 'EG', '0505409583', 14, 'Swimming', 'NO', '', 'Athlete', '16/03/2000', 'A07667500', '07/08/2019', NULL, '015fa023a7824d6a29d7ed3a1e843d2b.pdf', 'N', '2017-01-25 06:08:45', '2017-01-25 06:08:45'),
(115, 'c5fbc7d76d4a28fc49bec77b69ae46fc.jpg', 'MEM20114', 'SHERIF', 'ISMAIL', 'KHALED', 'male', 'DIBBA', 'Sharjah', 'EG', '0505409583', 14, 'Swimming', 'NO', '', 'Athlete', '21/04/2001', 'A07467115', '25/07/2019', NULL, NULL, 'N', '2017-01-25 06:24:36', '2017-01-25 06:24:36'),
(116, 'dc12905d072b0e944995566fb433f047.jpg', 'MEM20115', 'ABDUUL RAOUF', 'ABO ALJOUD', 'MAHMOUD', 'male', 'DIBBA', 'Fujairah', 'SY', '0505409583', 14, 'Swimming', 'NO', '', 'Athlete', '03/03/2002', '007049896', '24/07/2018', NULL, 'b8e70215eba3aa9caaf951ee2b61b03a.pdf', 'N', '2017-01-25 06:27:36', '2017-01-25 06:27:36'),
(117, 'db4d77451f3de2d0cb7e44f84bca1205.jpg', 'MEM20116', 'ABDELRAHMAN', 'ABDRABOU', 'ADEL', 'male', 'DIBBA', 'Fujairah', 'EG', '0505409583', 14, 'Swimming', 'NO', '', 'Athlete', '06/05/2004', 'A15905192', '28/07/2022', NULL, 'cecc82725addf5617efa245b32c34a01.pdf', 'N', '2017-01-25 06:32:19', '2017-01-25 06:32:19'),
(118, '36b469af6fcfd6b58119d38c6db6abb7.jpg', 'MEM20117', 'MOHANAD', 'ABDELRAZEK', 'AHMED', 'male', 'DIBBA', 'Fujairah', 'EG', '0505409583', 14, 'Swimming', 'NO CERTIFICATE', '', 'Athlete', '12/07/2005', 'A16003462', '02/08/2022', NULL, NULL, 'N', '2017-01-25 06:35:09', '2017-01-25 06:35:09'),
(119, 'b2223fb38cefc2528708d0b2b6949943.jpg', 'MEM20118', 'KHALED', 'GAAFAR', 'AHMED', 'male', 'DIBBA', 'Fujairah', 'EG', '0505409583', 14, 'Swimming', 'NO', '', 'Athlete', '07/03/2008', 'A15459717', '14/07/2022', NULL, NULL, 'N', '2017-01-25 06:37:18', '2017-01-25 06:37:18'),
(120, '01c8176ddd51d4b2a43612ac6b6de47e.jpg', 'MEM20119', 'ALI', 'ALHANTOOBI', 'AMRO', 'male', 'DIBBA', 'Fujairah', 'AE', '0505409583', 14, 'Swimming', 'NO', '', 'Athlete', '16/12/2003', 'L6LG12482', '07/10/2018', NULL, NULL, 'N', '2017-01-25 06:47:49', '2017-01-25 06:47:49'),
(121, '09e3cbba6002a079b493c65cfcd7aff0.jpg', 'MEM20120', 'MOHAMED', 'ALHANTOOBI', 'AMRO', 'male', 'DIBBA', 'Fujairah', 'AE', '0505409583', 14, 'Swimming', 'NO', '', 'Athlete', '04/01/2003', 'L6H309392', '07/10/2018', NULL, NULL, 'N', '2017-01-25 06:50:12', '2017-01-25 06:50:12'),
(122, '85e207013e5da44a440cac1833c57602.jpg', 'MEM20121', 'MOHAMMED', 'ALDHANHANI', 'TAREQ', 'male', 'DIBBA', 'Fujairah', 'AE', '0505409583', 14, 'Swimming', 'NO', '', 'Athlete', '13/09/2003', 'H7P810270', '20/12/2019', NULL, NULL, 'N', '2017-01-25 06:52:56', '2017-01-25 06:52:56'),
(123, 'c6df02222269b3cb6453f9e955f5080c.jpg', 'MEM20122', 'MOHAMED', 'ALDHANHANI', 'SAEED', 'male', 'DIBBA', 'Fujairah', 'AE', '0505409583', 14, 'Swimming', 'NO', '', 'Athlete', '02/07/2003', 'CG8536851', '23/11/2020', NULL, '05e186fd79c24cbd3b6a758bf36a0e3d.pdf', 'N', '2017-01-25 06:54:59', '2017-01-25 06:54:59'),
(124, '7b2c8170dc20d09a8071b682fbe51742.JPG', 'MEM20123', 'ABDULLA', 'ALDHANHANI', 'MOHAMED', 'male', 'DIBBA', 'Fujairah', 'AE', '0505409583', 14, 'Swimming', 'NO', '', 'Athlete', '04/11/2004', 'CP1J31620', '12/04/2020', NULL, NULL, 'N', '2017-01-25 06:57:51', '2017-01-25 06:57:51'),
(125, '7cf51c9f22a19df054b697ce5eba6671.jpg', 'MEM20124', 'KHALIFAH', 'ALDHANHANI', 'AATEF', 'male', 'DIBBA', 'Fujairah', 'AE', '0505409583', 14, 'Swimming', 'NO', '', 'Athlete', '08/12/2004', 'L7H79392', '21/01/2020', NULL, NULL, 'N', '2017-01-25 07:00:46', '2017-01-25 07:00:46'),
(126, 'c7da6c1c88c087b6884223e2c3ef348a.JPG', 'MEM20125', 'HAMAD', 'ALDHANHANI', 'SAEED', 'male', 'DIBBA', 'Fujairah', 'AE', '0505409583', 14, 'Swimming', 'NO', '', 'Athlete', '28/06/2005', 'PPK145657', '05/12/2020', NULL, NULL, 'N', '2017-01-25 07:02:50', '2017-01-25 07:02:50'),
(127, '7671e4512e2d7b7b093f41c9a232cf6e.jpg', 'MEM20126', 'ABDULLA', 'DHANHANI', 'AATEF', 'male', 'DIBBA', 'Fujairah', 'AE', '0505409583', 14, 'Swimming', 'NO', '', 'Athlete', '07/03/2007', 'A2624962', '01/11/2016', NULL, '0471cee3bbf3c8d0cc582e2dfbe4e572.pdf', 'N', '2017-01-25 07:06:38', '2017-01-25 07:06:38'),
(128, '49104aae65ffc2b264774d66337aef2d.jpg', 'MEM20127', 'NAWAF', 'ALYASSI', 'HASSAN', 'male', 'SH', 'Sharjah', 'AE', 'ARJAH', 15, 'Swimming', 'NO', '', 'Athlete', '23/12/2002', 'ZJYL16235', '25/03/2018', NULL, '9c812a13e8a418c3f8693a5e0bec85d0.pdf', 'N', '2017-01-25 07:27:16', '2017-01-25 07:27:16'),
(129, '994a8ba018cda03014a640c3decdcc12.jpg', 'MEM20128', 'YOUSSEF', 'ALI', 'MOHAMED', 'male', 'SHARJAH', 'Sharjah', 'EG', '0508918002', 15, 'Swimming', 'NO', '', 'Athlete', '17/03/2001', 'A16013449', '04/08/2022', NULL, '6a31a314370e0182d18d9415b978367d.pdf', 'N', '2017-01-25 07:29:55', '2017-01-25 07:29:55'),
(130, 'fb741718b46d82f3c818667908f4c469.jpg', 'MEM20129', 'HAMAD', 'ALKANDAARI', 'KHALED', 'male', 'SHARJAH', 'Sharjah', 'AE', '0508918002', 15, 'Swimming', 'NO', '', 'Athlete', '22/02/2005', 'A2484021', '30/06/2015', NULL, 'd99e3e4b4dae647265ee8957c3edb113.pdf', 'N', '2017-01-25 07:32:16', '2017-01-25 07:32:16'),
(131, '45fab8d732518e77d524e0f48bad792f.jpg', 'MEM20130', 'MOSTAFA', 'ELZOBARY', 'MAHMOUD', 'male', 'SHARJAH', 'Sharjah', 'EG', '0508918002', 15, 'Swimming', 'NO', '', 'Athlete', '27/02/2001', 'A05165192', '16/08/2018', NULL, '4d96e42aee98ffe24f49f359457fbbe4.pdf', 'N', '2017-01-25 07:34:50', '2017-01-25 07:34:50'),
(132, 'd2f1c1162ba968cbae9321bbbb87204f.jpg', 'MEM20131', 'WALEED', 'ABU ALHAIJA', 'KHALED', 'male', 'SHARJAH', 'Sharjah', 'JO', '0508918002', 15, 'Swimming', 'NO', '', 'Athlete', '20/11/2000', 'L160991', '13/03/2016', NULL, '3a2581e2aa5fcb6026771bc39bd12d1d.pdf', 'N', '2017-01-25 07:37:02', '2017-01-25 07:37:02'),
(133, '693b1da223005b9409c29f5d9c38dbd8.jpg', 'MEM20132', 'KHALIFA', 'ALKANDARI', 'KHALED', 'male', 'SHARJAH', 'Sharjah', 'AE', '0508918002', 15, 'Swimming', 'NO', '', 'Athlete', '15/06/2003', 'N5RP52256', '31/05/2019', NULL, NULL, 'N', '2017-01-25 07:39:11', '2017-01-25 07:39:11'),
(134, 'e5ff20ae440b2cb2fa06596c9d426078.png', 'MEM20133', 'OMAR', 'ELHEFNAWY', 'TALAL', 'male', 'SHARJAH', 'Sharjah', 'EG', '0508918002', 15, 'Swimming', 'NO', '', 'Athlete', '06/10/2007', 'A05832823', '25/12/2018', NULL, '993056742d61abd35af2f2d548b0e4ec.pdf', 'N', '2017-01-25 07:44:08', '2017-01-25 07:44:08'),
(135, '77a17c84d5e6f8ad8a6bdb39fb9fd093.jpg', 'MEM20134', 'ABDOALRAHMAN', 'HAKIM', 'OSAMA', 'male', 'SHARJAH', 'Sharjah', 'SY', '0508918002', 15, 'Swimming', 'NO', '', 'Athlete', '30/11/2002', '008791677', '24/01/2020', NULL, 'aff5e0c792e4eff68b4839968b7397ca.pdf', 'N', '2017-01-25 07:50:23', '2017-01-25 07:50:23'),
(136, '1e5cfa7079eddb84217e6cee903cbd2d.jpg', 'MEM20135', 'ABRAHIM', 'DAHDAL', 'MOHAMMAD', 'male', 'SHARJAH', 'Sharjah', 'SY', '0508918002', 15, 'Swimming', 'NO', '', 'Athlete', '22/04/2000', '008273876', '20/01/2018', NULL, '65a5b7494abc4557e933feab714c4e4e.pdf', 'N', '2017-01-25 07:53:07', '2017-01-25 07:53:07'),
(137, NULL, 'MEM20136', 'GHALLAB', 'IBRAHIM', 'ADHAM', 'male', 'SHARJAH', 'Sharjah', 'EG', '0508918002', 15, 'Swimming', 'NO', '', 'Athlete', '10/09/2001', 'A13203328', '22/09/2021', NULL, NULL, 'N', '2017-01-25 08:12:52', '2017-01-25 08:12:52'),
(138, 'eaf28a8948e309074df647fb996a57c2.jpg', 'MEM20137', 'AHMED', 'ALMEHRZI', 'SAIF', 'male', 'SHARJAH', 'Sharjah', 'AE', '0508918002', 15, 'Swimming', 'NO', '', 'Athlete', '21/11/2020', 'JYGY66576', '21/11/2020', NULL, NULL, 'N', '2017-01-25 08:17:14', '2017-01-25 08:17:14'),
(139, '6548bada76b714262ae1e64b4ce040b2.jpg', 'MEM20138', 'MOHAMED', 'ALGHAFRI', 'ABDULLA', 'male', 'AL AIN', 'Al Ain', 'AE', '0506630225', 16, 'Swimming', 'NO', '', 'Athlete', '31/12/1987', 'HP5C31604', '05/05/2017', NULL, '70d848156c2c201a7a7f6f871a50931c.pdf', 'N', '2017-01-25 08:38:18', '2017-01-25 08:38:18'),
(140, '66a7800bf4412d54a6c0985b2c4f60e7.jpg', 'MEM20139', 'ALI', 'ALKAABI', 'SAEED SUBAIT', 'male', 'AL AIN', 'Al Ain', 'AE', '0506630225', 16, 'Swimming', 'NO', '', 'Athlete', '08/09/1988', 'HZJZ56001', '16/08/2020', NULL, NULL, 'N', '2017-01-25 08:43:38', '2017-01-25 08:43:38'),
(141, '9751242f8baaca3da57124550ba0af33.jpg', 'MEM20140', 'ABDULLA', 'ALDHAHERI', 'SULAIMAN', 'male', 'AL AIN', 'Al Ain', 'AE', '0506630225', 16, 'Swimming', 'NO', '', 'Athlete', '22/06/1991', 'J96R29046', '10/10/2021', NULL, NULL, 'N', '2017-01-25 08:46:38', '2017-01-25 08:46:38'),
(142, 'daf3d6f8daee1f0fec975ae73d51e7f7.jpg', 'MEM20141', 'YAAQOUB', 'ALSAADI', 'YOUSEF', 'male', 'AL AIN', 'Al Ain', 'AE', '0506630225', 16, 'Swimming', 'NO', '', 'Athlete', '13/07/1996', 'KPJG30820', '02/09/2017', NULL, NULL, 'N', '2017-01-25 08:49:23', '2017-01-25 08:49:23'),
(143, 'f48a6514dfaeac0005ecce8722ba3343.jpg', 'MEM20142', 'QUAIT', 'ALMENHALI', 'NASSIB', 'male', 'AL AIN', 'Al Ain', 'AE', '0506630225', 16, 'Swimming', 'NO', '', 'Athlete', '27/05/1992', 'G40L55656', '05/03/2018', NULL, NULL, 'N', '2017-01-25 08:51:59', '2017-01-25 08:51:59'),
(144, NULL, 'MEM20143', 'KHAMIS', 'ALSAADI', 'YOUSEF', 'male', 'AL AIN', 'Al Ain', 'AE', '0506630225', 16, 'Swimming', 'NO', '', 'Athlete', '28/10/2001', 'HPCP36129', '28/04/2018', NULL, NULL, 'N', '2017-01-25 08:54:39', '2017-01-25 08:54:39'),
(145, '6e636a3d44735725b9aee0399b0f8012.jpg', 'MEM20144', 'SUHAIL', 'ALDHAHERI', 'AHMED', 'male', 'AL AIN', 'Al Ain', 'AE', '0506630225', 16, 'Swimming', 'NO', '', 'Athlete', '14/10/2000', 'YLK182761', '20/10/2020', NULL, NULL, 'N', '2017-01-25 08:57:15', '2017-01-25 08:57:15'),
(146, NULL, 'MEM20145', 'AHMED', 'ABDULLA', 'ABDULLA AIDAROUS', 'male', 'AL AIN', 'Al Ain', 'AE', '0506630225', 16, 'Swimming', 'NO', '', 'Athlete', '20/01/2002', 'CY6Y20890', '17/03/2018', NULL, NULL, 'N', '2017-01-25 09:00:30', '2017-01-25 09:00:30'),
(147, NULL, 'MEM20146', 'HAMDAN', 'ALAZEEZI', 'JUMA', 'male', 'AL AIN', 'Al Ain', 'AE', '0506630225', 16, 'Swimming', 'NO', '', 'Athlete', '08/04/2002', 'GHRG22197', '02/10/2018', NULL, NULL, 'N', '2017-01-25 09:03:09', '2017-01-25 09:03:09'),
(148, '34cea25e893785f501e4e6dc4e8debb3.jpg', 'MEM20147', 'YOUSSEF', 'EMARA', 'MOHAMED', 'male', 'AL AIN', 'Al Ain', 'EG', '0506630225', 16, 'Swimming', 'NO', '', 'Athlete', '05/08/2003', 'A05179042', '22/08/2018', NULL, NULL, 'N', '2017-01-25 09:06:05', '2017-01-25 09:06:05'),
(149, NULL, 'MEM20148', 'HAMDAN', 'ALBLOOSHI', 'MOHAMMED SULTAN', 'male', 'AL AIN', 'Al Ain', 'AE', '0508918002', 16, 'Swimming', 'NO', '', 'Athlete', '21/06/2003', 'P1LR1723', '19/08/2019', NULL, NULL, 'N', '2017-01-25 09:09:06', '2017-01-25 09:09:06'),
(150, '2ffa6a06b5e71bb5e85750cc03ac1443.jpg', 'MEM20149', 'THEYAB', 'ALNUAIMI', 'FAHED', 'male', 'AL AIN', 'Al Ain', 'AE', '0506630225', 16, 'Swimming', 'NO', '', 'Athlete', '26/05/2003', 'ZGRF72380', '21/07/2020', NULL, NULL, 'N', '2017-01-25 09:11:54', '2017-01-25 09:11:54'),
(151, '71aea253ab0a75c17d32a46b81c62ff6.jpg', 'MEM20150', 'SULTAN', 'ALKAMALI', 'ABDULLA', 'male', 'AL AIN', 'Al Ain', 'AE', '0508918002', 16, 'Swimming', 'NO', '', 'Athlete', '05/04/2003', 'CL6Z96371', '08/07/2019', NULL, NULL, 'N', '2017-01-25 09:14:41', '2017-01-25 09:14:41'),
(152, 'c40b0e80a2d055b4496f21bb376d817f.jpg', 'MEM20151', 'SUHAIL', 'ALSEYABI', 'SLAYEM', 'male', 'AL AIN', 'Al Ain', 'AE', '0506630225', 16, 'Swimming', 'NO', '', 'Athlete', '02/10/2003', 'HN2257085', '16/10/2019', NULL, NULL, 'N', '2017-01-25 09:17:44', '2017-01-25 09:17:44'),
(153, NULL, 'MEM20152', 'MOHAMMED', 'ALDHAHERI', 'MUBARAK', 'male', 'AL AIN', 'Al Ain', 'AE', '0508918002', 16, 'Swimming', 'NO', '', 'Athlete', '18/04/2003', 'Y22186170', '11/07/2020', NULL, NULL, 'N', '2017-01-25 09:20:11', '2017-01-25 09:20:11'),
(154, NULL, 'MEM20153', 'FELIX', 'PAYNE', 'PAYNE', 'male', 'AL AIN', 'Al Ain', 'GB', '0506630225', 16, 'Swimming', 'NO', '', 'Athlete', '30/10/2002', '514222343', '11/05/2018', NULL, NULL, 'N', '2017-01-25 09:23:27', '2017-01-25 09:23:27'),
(155, '7053941fbf0d9116289e8221e32de0b3.png', 'MEM20154', 'ZAYED', 'ALAREEFI', 'RASHED', 'male', 'AL AIN', 'Al Ain', 'AE', '0506630225', 16, 'Swimming', 'NO', '', 'Athlete', '22/09/2005', 'ZYCP90847', '27/08/2018', NULL, NULL, 'N', '2017-01-25 09:26:14', '2017-01-25 09:26:14'),
(156, 'e54676c7fce7e2f86f8a0f05eb6bbadd.jpg', 'MEM20155', 'AHMED', 'ALNEYADI', 'ALI', 'male', 'AL AIN', 'Abu Dhabi', 'AE', '0506630225', 16, 'Swimming', 'NO', '', 'Athlete', '21/04/2004', 'Y6G602841', '06/04/2019', NULL, NULL, 'N', '2017-01-25 09:28:57', '2017-01-25 09:28:57'),
(157, 'fc18faf98e72b24340e483511f5a0b6c.jpg', 'MEM20156', 'NASSER', 'ALNUAIMI', 'FAHAD', 'male', 'AL AIN', 'Al Ain', 'AE', '0506630225', 16, 'Swimming', 'NO', '', 'Athlete', '26/03/2004', 'ZGP933985', '21/07/2020', NULL, NULL, 'N', '2017-01-25 09:31:37', '2017-01-25 09:31:37'),
(158, 'd04dafc27ee7b2decd6c79a9b99fa7ee.jpg', 'MEM20157', 'Mostafa Amr Zahran', 'Abdelazeem', 'xx', 'male', 'Dubai', 'Dubai', 'AE', '0504528850', 13, 'Swimming', 'xx', '', 'Athlete', '08/11/2004', 'A05845076', '30/12/2018', NULL, 'a5efbcbc836e96da3721f956cd27097d.pdf', 'Y', '2017-01-25 09:53:26', '2017-01-25 10:10:07'),
(159, '26ded7b6764bd415e7f60d84e4276573.jpg', 'MEM20158', 'Mariam Ayman Mohamed', 'Aly', 'xx', 'female', 'Dubai', 'Dubai', 'EG', '0558870412', 13, 'Swimming', 'xx', '', 'Athlete', '21/12/2006', 'A16014147', '07/08/2022', NULL, '8c7ca5a7b3c9e33e89adaf9f2a480ff3.pdf', 'Y', '2017-01-25 10:18:08', '2017-01-25 10:18:08'),
(160, '497dcb51527863462189a2f738421c6e.jpg', 'MEM20159', 'Mohamed Ayman Mohamed', 'Aly', 'xx', 'male', 'Dubai', 'Dubai', 'EG', '0558870412', 13, 'Swimming', 'xx', '', 'Athlete', '17/07/2004', 'A157117902', '26/06/2022', NULL, '2d9499bedb7883e7090d8fde3074a360.pdf', 'Y', '2017-01-25 10:23:32', '2017-01-25 10:23:32'),
(161, '19869180e598b3ffe7c88060aa7a4d29.jpg', 'MEM20160', 'Hussein Bassem Hussein Mahmoud', 'Dewidar', 'xx', 'male', 'Dubai', 'Dubai', 'EG', '055449001', 13, 'Swimming', 'xx', '', 'Athlete', '18/02/2004', 'A18794998', '02/08/2023', NULL, 'f6a0af495fd44a55ef9f607683cd08f0.pdf', 'Y', '2017-01-25 10:31:33', '2017-01-25 10:31:33'),
(162, '44af6cf9811f1bef4c4ca0820546837e.jpg', 'MEM20161', 'Mohamed Bassem Hussein Mahmoud', 'Dewidar', 'xx', 'male', 'Dubai', 'Dubai', 'EG', '0555449001', 13, 'Swimming', 'xx', '', 'Athlete', '18/02/2004', 'A18794934', '02/08/2023', NULL, 'a0b1977c5d0478a833bb5f578068335a.pdf', 'Y', '2017-01-25 10:38:16', '2017-01-25 10:38:16'),
(163, '9916314d940183a6c272867f22ab0dda.jpg', 'MEM20162', 'Angela Raechel', 'Gevarghese', 'xx', 'male', 'Dubai', 'Dubai', 'AE', '0565776670', 13, 'Swimming', 'xx', '', 'Athlete', '20/10/2003', 'L9494429', '18/06/2019', NULL, '4413e1b522cc03b4aba93b534e2bd82e.pdf', 'Y', '2017-01-25 10:45:41', '2017-01-26 05:07:44'),
(164, '3cea13e72bcb9c34aad244d6aba20b36.jpg', 'MEM20163', 'Avanthika', 'Krishnakumar', 'xx', 'female', 'Dubai', 'Dubai', 'IN', '0504271734', 13, 'Swimming', 'xx', '', 'Athlete', '15/09/2004', 'L8961943', '28/4/2019', NULL, 'e4263f0d846c406b869ee41213c08f3d.pdf', 'Y', '2017-01-25 10:53:51', '2017-01-25 10:53:51'),
(165, '809f5db66cd7059c27c51a23bb9962de.jpg', 'MEM20164', 'Megan Suresh Kumar', 'Muthyala', 'xx', 'female', 'Dubai', 'Dubai', 'IN', '0508730666', 13, 'Swimming', 'xx', '', 'Athlete', '07/03/2004', 'L9791966', '14/07/2019', NULL, '72354f3e5d3a601d7d22a03b9870ec84.pdf', 'Y', '2017-01-26 05:12:05', '2017-01-26 05:12:05'),
(166, NULL, 'MEM20165', 'Samiksha Suresh Kumar', 'Muthyala', 'xx', 'male', 'Dubai', 'Dubai', 'AE', '0508730666', 13, 'Swimming', 'xx', '', 'Athlete', '30/06/2006', 'P0359032', '07/05/2021', NULL, '5e64ab1801375b13fca37ea7910c2b01.pdf', 'N', '2017-01-26 05:17:30', '2017-01-26 06:12:29');
INSERT INTO `tbl_members` (`id`, `image1`, `code`, `first_name`, `last_name`, `father_name`, `gender`, `city`, `emirate`, `country`, `contact_no`, `club_fk`, `discipline`, `note`, `current_status`, `type`, `dob`, `passport_no`, `passport_expiry`, `id_card1`, `image_club_certificate`, `is_active`, `created_on`, `updated_on`) VALUES
(167, '4d89a94177a60079090591fd4203c0d3.jpg', 'MEM20166', 'Subhiksha', 'Kumar', 'xx', 'female', 'Dubai', 'Dubai', 'IN', '0508447673', 13, 'Swimming', 'xx', '', 'Athlete', '03/06/2001', 'L9467625', '31/05/2019', NULL, '817ee5e24c075e7efe152d6811796885.pdf', 'Y', '2017-01-26 05:21:45', '2017-01-26 05:21:45'),
(168, '3810c72f90168a19ac422183a1aa4934.jpg', 'MEM20167', 'Aarya', 'Lakshminnarayanan', 'xx', 'female', 'Dubai', 'Dubai', 'IN', '0555542135', 13, 'Swimming', 'xx', '', 'Athlete', '10/03/2002', 'K4603462', '22/02/2017', NULL, '5f2551431fec7b7353d75a747f59a9e7.pdf', 'Y', '2017-01-26 05:26:46', '2017-01-26 05:26:46'),
(169, '21f161e9cd9d7bda6abc6d29f0675a77.jpg', 'MEM20168', 'Abhay', 'Krishna', 'xx', 'male', 'Dubai', 'Dubai', 'IN', '0555542135', 13, 'Swimming', 'xx', '', 'Athlete', '26/08/2005', 'M5655090', '09/02/2020', NULL, '90820270ac73be948ec5c8a22f955ab6.pdf', 'Y', '2017-01-26 05:36:49', '2017-01-26 05:36:49'),
(170, 'bd20c60ae71c980ba56ded35fdde97a8.jpg', 'MEM20169', 'Rebecca Ann', 'Mathews', 'xx', 'female', 'Dubai', 'Dubai', 'IN', '0504229893', 13, 'Swimming', 'xx', '', 'Athlete', '21/11/2006', 'K5715710', '26/03/2017', NULL, '336322bc80297f6b514832d5bf794fed.pdf', 'Y', '2017-01-26 05:40:20', '2017-01-26 05:40:20'),
(171, 'b3f18b9b2f5a1e0f1ca7153a395a6e1d.jpg', 'MEM20170', 'Farah Osama Sayed Ahmed', 'Hammam', 'xx', 'female', 'Dubai', 'Dubai', 'EG', '0504615517', 13, 'Swimming', 'xx', '', 'Athlete', '26/10/2001', 'A02471956', '30/08/2017', NULL, 'f820a59233ec6baec3bf6edb6f258e14.pdf', 'Y', '2017-01-26 05:44:23', '2017-01-26 05:44:23'),
(172, '5526c6797f3ef0284128668b130aa969.jpg', 'MEM20171', 'Yasmin Ossama Sayed Ahmed', 'Hammam', 'xx', 'female', 'Dubai', 'Dubai', 'EG', '0504615517', 13, 'Swimming', 'xx', '', 'Athlete', '20/04/2004', 'A02471953', '30/08/2017', NULL, '0a25e783ba6d41ecf97cab31bfcce809.pdf', 'Y', '2017-01-26 05:48:00', '2017-01-26 05:48:00'),
(173, NULL, 'MEM20172', 'Nourhan Wael Abdelhamid', 'Elshahat', 'xx', 'male', 'Dubai', 'Dubai', 'AE', '0555950975', 13, 'Swimming', 'xx', '', 'Athlete', '01/05/2003', 'A02677927', '21/09/2017', NULL, 'b364e83ff018d99c6bb4a5c868bf584a.pdf', 'N', '2017-01-26 05:55:08', '2017-01-26 06:13:39'),
(174, '939a946b7b22caab02cc2bf6007cdd9b.jpg', 'MEM20173', 'Jay Allan', 'Benner', 'xx', 'male', 'Dubai', 'Dubai', 'US', '0502359740', 13, 'Swimming', 'xx', '', 'Technical', '01/09/1964', '482528381', '13/04/2021', NULL, NULL, 'Y', '2017-01-26 06:02:26', '2017-01-26 06:02:26'),
(175, '0585038e7ddb383be57feec53d3ffaab.jpg', 'MEM20174', 'ALI', 'GHAILANI', 'JUMAA', 'male', 'abudhabi', 'Abu Dhabi', 'AE', '0505479110', 6, 'Swimming', 'NO', '', 'Athlete', '25/05/2001', 'C95R45998', '11/06/2021', NULL, '21355f55f72396aad0ff8502b843cf6c.pdf', 'N', '2017-01-26 08:20:59', '2017-01-26 08:20:59'),
(176, 'f213237382bc4c9560a954289eb99bef.jpg', 'MEM20175', 'IBRAHIM', 'ALMARZOOQI', 'KHALEEL', 'male', 'abudhabi', 'Abu Dhabi', 'AE', '0505479110', 6, 'Swimming', 'NO', '', 'Athlete', '28/03/2001', 'YJ4K13285', '29/01/2018', NULL, NULL, 'N', '2017-01-26 08:20:59', '2017-01-26 08:20:59'),
(177, 'aacaedd8b94aa3bc0f73028f9ae90456.jpg', 'MEM20176', 'MOHAMED', 'ALWAHED', 'FAHAD', 'male', 'abudhabi', 'Abu Dhabi', 'AE', '0505479110', 6, 'Swimming', 'NO', '', 'Athlete', '18/12/2001', 'PJ7071868', '16/05/2017', NULL, '3bfefa6b5fbdba38bd6de99fb3c5a258.pdf', 'N', '2017-01-26 08:20:59', '2017-01-26 08:20:59'),
(178, '97cdcb950ad6ff07d497213d2f35ae7a.jpg', 'MEM20177', 'ZAYED', 'ALWAHEDI', 'SALEH', 'male', 'abudhabi', 'Abu Dhabi', 'AE', '0505479110', 6, 'Swimming', 'NO', '', 'Athlete', '25/04/2000', 'K00L85949', '26/05/2020', NULL, 'aa9de3df9c16a7b8a6588be2cafa8230.pdf', 'N', '2017-01-26 08:20:59', '2017-01-26 08:20:59'),
(179, 'af82a2607cc2a4b5b07edc45fc004eef.jpg', 'MEM20178', 'YOUSSEF', 'HASSAN', 'MOHAMED', 'male', 'abudhabi', 'Abu Dhabi', 'EG', '0505479110', 6, 'Swimming', 'NO', '', 'Athlete', '02/12/2006', 'A14895872', '31/03/2015', NULL, 'f52bf0b9aa0e9270df96f75ef76b897c.pdf', 'N', '2017-01-26 08:20:59', '2017-01-26 08:20:59'),
(180, NULL, 'MEM20179', 'MABROUK', 'HAIDARA', 'KHALID', 'male', 'abudhabi', 'Abu Dhabi', 'AE', '0505479110', 6, 'Swimming', 'NO', '', 'Athlete', '17/05/2006', 'CZH37963', '13/05/2018', NULL, NULL, 'N', '2017-01-26 08:20:59', '2017-01-26 08:20:59'),
(181, '7e3016800ac5ac4de84c07d876a0cd46.jpg', 'MEM20180', 'SEIFALLA', 'IBRAHIM', 'khaled', 'male', 'abudhabi', 'Abu Dhabi', 'EG', '0505479110', 6, 'Swimming', 'NO', '', 'Athlete', '05/01/1998', 'A1618220', '08/08/2022', NULL, '7ddde11b6c2862a6ccd062558fe9bf75.pdf', 'N', '2017-01-26 08:20:59', '2017-01-26 08:20:59'),
(182, 'd5b5c2c63ee5edb43f0409c1378e37f8.jpg', 'MEM20181', 'ADHAM', 'IBRAHIM', 'KHALID', 'male', 'abudhabi', 'Abu Dhabi', 'EG', '0505479110', 6, 'Swimming', 'NO', '', 'Athlete', '07/12/1999', 'A15841751', '24/07/2022', 'IMG-dc559f322da2d29.png', 'f9b50a9d2874ae373f26cf265d076da1.pdf', 'N', '2017-01-26 08:20:59', '2017-01-26 08:20:59'),
(183, '8a3051ed3c5e8f40cb9ee247308c2f7b.jpg', 'MEM20182', 'ABDULLA', 'JAMAL', 'KHALED', 'male', 'abudhabi', 'Abu Dhabi', 'BH', '0505479110', 6, 'Swimming', 'NO', '', 'Athlete', '06/10/2003', '2430283', '26/08/2019', NULL, 'b27ea4ad54da5fdaae65d26419e2e1f7.pdf', 'N', '2017-01-26 08:20:59', '2017-01-26 08:20:59'),
(184, '5b9b42385b916011da13e3be21992718.jpg', 'MEM20183', 'HAMDAN', 'BINHAIDARA', 'MOHAMED', 'male', 'abudhabi', 'Abu Dhabi', 'AE', '0505479110', 6, 'Swimming', 'NO', '', 'Athlete', '11/08/2002', 'RZZ269653', '20/01/2019', NULL, NULL, 'N', '2017-01-26 08:20:59', '2017-01-26 08:20:59'),
(185, '4f3b85914e0c88750518865478ff77b9.jpg', 'MEM20184', 'MOHAMED', 'ALRASHDI', 'RASHED', 'male', 'abudhabi', 'Abu Dhabi', 'AE', '0505479110', 6, 'Swimming', 'NO', '', 'Athlete', '01/01/2002', 'ZZ4006449', '13/05/2019', NULL, '0a277509dbc7986ac659f8ea8c30c6bc.pdf', 'N', '2017-01-26 08:20:59', '2017-01-26 08:20:59'),
(186, 'dce19240472b3372e7d09bb40515b36f.jpg', 'MEM20185', 'SALEM', 'BINHAIDARA', 'ABDULLA', 'male', 'abudhabi', 'Abu Dhabi', 'AE', '0505479110', 6, 'Swimming', 'NO', '', 'Athlete', '09/08/2002', 'FRL837246', '20/05/2019', NULL, '4471a069d12daa46deb31edfc5176fd0.pdf', 'N', '2017-01-26 08:20:59', '2017-01-26 08:20:59'),
(187, 'ec4eecf27a87d5751765fa24185fb294.jpg', 'MEM20186', 'HAMAD', 'BINHAIDARA', 'MOHAMED', 'male', 'abudhabi', 'Abu Dhabi', 'AE', '0505479110', 6, 'Swimming', 'NO', '', 'Athlete', '21/08/2003', 'LLJY97615', '15/05/2019', NULL, '12818cd5b86bab5c5407a6e4a73dfa09.pdf', 'N', '2017-01-26 08:20:59', '2017-01-26 08:20:59'),
(188, 'dea82733d7d97404bb63c0d0bbbad5f3.jpg', 'MEM20187', 'AHMED', 'ALRASHDI', 'RASHED', 'male', 'abudhabi', 'Abu Dhabi', 'AE', '0505479110', 6, 'Swimming', 'NO', '', 'Athlete', '25/06/2003', 'L18H42305', '13/05/2019', NULL, '880c0066de5441fb1ede93bf2756fdf9.pdf', 'N', '2017-01-26 08:20:59', '2017-01-26 08:20:59'),
(189, '37004293594b3e93caaf8283a32dbb6f.jpg', 'MEM20188', 'AHMED', 'ALMARZOOQI', 'KHALEEL', 'male', 'abudhabi', 'Abu Dhabi', 'AE', '0505479110', 6, 'Swimming', 'NO', '', 'Athlete', '31/07/2003', 'PFC127812', '15/02/2019', NULL, '444e2bd680a9c4d04f32d2c3173edcff.pdf', 'N', '2017-01-26 08:20:59', '2017-01-26 08:20:59'),
(190, 'cc85f587fb9bf1381ad17ac38a7157ae.jpg', 'MEM20189', 'YOUSSEF', 'SUHIL', 'MOHAMED OSAMA', 'male', 'abudhabi', 'Abu Dhabi', 'SY', '0505479110', 6, 'Swimming', 'NO', '', 'Athlete', '31/01/2002', '004694182', '08/06/2015', NULL, 'ad099829b0b11a894524bbe9552eb32e.pdf', 'N', '2017-01-26 08:20:59', '2017-01-26 08:20:59'),
(191, 'bb021785c768fe09f2e02c757ffa45fe.jpg', 'MEM20190', 'SAEED', 'BINHAIDARA', 'KHALID', 'male', 'abudhabi', 'Abu Dhabi', 'AE', '0505479110', 6, 'Swimming', 'NO', '', 'Athlete', '18/05/2005', 'CRYH39499', '23/07/2021', NULL, 'd7b541ef69f1fca58f78fe1157bd105b.pdf', 'N', '2017-01-26 08:20:59', '2017-01-26 08:20:59'),
(192, 'a92f5de47d0fd6f8478516ae9606094f.JPG', 'MEM20191', 'ZAYED', 'BINHAIDARA', 'ABDULLA', 'male', 'abudhabi', 'Abu Dhabi', 'AE', '0505479110', 6, 'Swimming', 'NO', '', 'Athlete', '17/04/2005', 'R36886610', '141/07/2020', NULL, '53bdf7bcdf8b541a747f9f8049db5cf2.pdf', 'N', '2017-01-26 08:20:59', '2017-01-26 08:20:59');

-- --------------------------------------------------------

--
-- Table structure for table `tbl_members_sponsor_images`
--

CREATE TABLE `tbl_members_sponsor_images` (
  `id` int(11) NOT NULL,
  `member_fk` int(11) DEFAULT NULL,
  `image_url` varchar(255) DEFAULT NULL
) ENGINE=InnoDB AUTO_INCREMENT=180 DEFAULT CHARSET=utf8;

--
-- Dumping data for table `tbl_members_sponsor_images`
--

INSERT INTO `tbl_members_sponsor_images` (`id`, `member_fk`, `image_url`) VALUES
(1, 1, 'eb7955190cf18cab3df803e98ce8bb49.jpg'),
(2, 3, 'f84fd7a385e79e2ee58e779fc5ca8def.pdf'),
(3, 4, 'b01c3d30a29d2c834d150dfc3bfb8887.pdf'),
(4, 5, '3b6363378d800e6eb01a41aaa71cf311.pdf'),
(5, 7, 'd7367590069560b6f66e1f2c4d6d65ce.pdf'),
(6, 7, 'a775ee9585e2a40739bba8dcae6d2f5c.pdf'),
(7, 7, 'e2a7c57fb52bdef4896003f0af0650b6.pdf'),
(8, 8, '92db3f41d3468273f6fce82e17c3faf3.pdf'),
(9, 9, '4a82afc4ce35f8567a10a4b86b21e00f.pdf'),
(10, 10, '1e76937c90ffc74727a0a633aa0e730e.pdf'),
(11, 11, 'dd1d18486b4178ead508db6136a8715a.pdf'),
(12, 11, '319e786656b16cae888048403b942154.pdf'),
(13, 12, '4fef7eadc215ce4963ef8bea1ac60e34.pdf'),
(14, 13, '7110308d7941a5ed202bccec35865c87.pdf'),
(15, 13, '04f41639244ff0a50732523d2f81a5fb.pdf'),
(16, 13, '9d14a10c340da5c97283eaff75e7741c.pdf'),
(17, 16, '23c0de7b4f9c2ced55637f5b4456ecce.pdf'),
(18, 16, '3cba099f84c8682c5de1db871832e972.PDF'),
(19, 17, 'fd72a17528b7312cd2eb7ab704b74828.pdf'),
(20, 17, 'cb201e488071c219b7b838e90e7b9dc2.pdf'),
(21, 18, 'c97bc064d813f1b57a857debc387c846.pdf'),
(22, 18, 'c38a1bcf0743b97bb7d18f67e3055752.pdf'),
(23, 19, '4f5ce6151ca886638a35d216a7e27b58.PDF'),
(24, 19, '07c83618c34385607da0a5a8a1cee51f.PDF'),
(25, 19, 'bf97ba3e538c4cfc55629ff383c8bc99.pdf'),
(26, 20, 'debc54897640b738fa88ab7cba1e256e.PDF'),
(27, 20, '96478f625c14f8258530bf45a7f188d2.pdf'),
(28, 22, '8282195d5c393b8bfd45ff0248c66488.pdf'),
(29, 23, 'b85aeeee4e3684613958671bba9ac8b6.pdf'),
(30, 23, '3c32c721b4f34ccc551f97adc2ce0920.pdf'),
(31, 24, 'f656bc334f6e7e4e3ea28e8368e6c7ef.pdf'),
(32, 24, '0b90de20cc1a11a87de152928d182927.pdf'),
(33, 25, '2f092c7bef5e05f817f86712e0b76b5e.PDF'),
(34, 25, '97a4ab06b054c1c4e27d5f98e806ea64.pdf'),
(35, 26, '2a6b6e1610469d76a674865f922380e1.PDF'),
(36, 26, '05555af13e64afa92cad4bf731bdb59a.pdf'),
(37, 28, '28ba71a0c97db86247d548b1e6c76cf4.pdf'),
(38, 31, '72c214a856bd1aa7fce0913f9ee15306.pdf'),
(39, 31, 'e47870031c1f24e91df77557c2ba967f.pdf'),
(40, 32, 'cde5e593d7d7f797c19eac2a3e58beaa.pdf'),
(41, 32, '72cbbab6b492fb9eb7a358c081b1ffd9.pdf'),
(42, 33, '1b111ac08f5ce9ec32ad59e4eba34b3c.pdf'),
(43, 33, 'd4ad469c939aa03b8d1305ba788aea86.pdf'),
(44, 34, 'd78e61b609aa3996b4ac75a312620a01.pdf'),
(45, 34, '10b82e884623d3c957317d62f420d537.pdf'),
(46, 35, 'c5eead506f8cfdea2c69a53747d92686.pdf'),
(47, 38, 'f582642942b514e1b9ce951d90744541.pdf'),
(48, 38, '7cab9d31439f12d64a1aa0a8d3726bac.pdf'),
(49, 39, 'f1b30b6e5441bb3e8ba629c02dfd2f0b.pdf'),
(50, 40, 'ffdddd1ded5bd8b593e32df840177e4e.pdf'),
(51, 41, 'c3e133e20fce3917a8d5e025d96bfb44.pdf'),
(52, 41, 'd18d325e51110ea2c4f415faf1d2f9e9.pdf'),
(53, 42, 'db008b486c0092c4a246c4cdd95a35e6.pdf'),
(54, 43, '745e87c1f8c68de2cb2e3b4d72910591.pdf'),
(55, 44, '7eeef81c3c2f2050a4cee130dc35898c.pdf'),
(56, 44, 'bf8afad05bf59fe2e36f70b23fb98ee1.pdf'),
(57, 45, '115c112f3e60d165cb0cfad027910758.pdf'),
(58, 47, '92cda4e9ffc9572962349c0587268f4f.pdf'),
(59, 48, '6b5854c627d6b8b4a81171087e1d9038.pdf'),
(60, 48, 'b50b4c937ced2f31c0512075a65f70fa.pdf'),
(61, 48, 'dc5498640a26c8ecf8ccf0d57d4b35f7.pdf'),
(62, 50, '82683437cf298a9b973c5a258f973e03.pdf'),
(63, 51, 'cfb9bbe2ced634c0bee8aeeb48ced0b2.pdf'),
(64, 51, '452e995b6ffb5c03717021c4abf0452c.pdf'),
(65, 54, 'a67081fb590eef90e596ee8ce79071af.pdf'),
(66, 55, '14067a00c6dc4932913ed43e8f026506.pdf'),
(67, 56, 'fad986730421f2ba17b902ae30e67664.pdf'),
(68, 57, '77798c279ece6ea6ccd16ce7058f77a7.PDF'),
(69, 57, '93a471dee386822d280760dc84880c2e.pdf'),
(70, 58, '43b937406c4ce10ee1ff6d115860ca1e.pdf'),
(71, 58, '44a0f4b2abf1dbba46aa97a67238b3ff.pdf'),
(72, 59, 'a773ba8afdd802aa1923c87140e2e9ce.pdf'),
(73, 67, 'bb2c141548420af0566a1a3cd2cba9ca.pdf'),
(74, 67, '86829ad1a7da698041c71ea7bbd8c2c3.pdf'),
(75, 68, 'f2cca95cb9fc9c797961cdb462371d14.pdf'),
(76, 69, 'c06937fa80d4f6acd77abed51826355f.pdf'),
(77, 72, 'bfedb2af4e0a456eb5802872bdf8dfc2.pdf'),
(78, 73, '9d5916668ea8e0147045dcbcd855e438.pdf'),
(79, 74, '752c480f8809b6bb084fbb973fb16021.pdf'),
(80, 75, 'ee1fe89f988e626bfbcd52fe5237f93d.PDF'),
(81, 75, '50b3b4e54676b8028bc270fc73a6dad4.pdf'),
(82, 75, '7336d16156cc8df8c6ec7fb12ed8c7fe.pdf'),
(83, 76, '43f61ff757ea1ccc345c75f69e7e2d03.pdf'),
(84, 77, '66a0c5881298b4110fc0e96451b0499a.pdf'),
(85, 78, '53707b5a50abed4a681bdc8ae89c48cc.pdf'),
(86, 79, '442e37b7a335419f3478f5cfeb35ea0f.pdf'),
(87, 80, 'f01e3daa1fa57287e8e444fc069d32e3.pdf'),
(88, 81, '0d6a0003c67461c1c56e43eea667cb27.pdf'),
(89, 81, 'ac40d78a23822d8794f02a5d8ed6a274.pdf'),
(90, 81, 'f2f44ddc8dc6e6cd929f7381468280d9.pdf'),
(91, 82, '4877b1c8537a9a96e9d7a25c13691706.pdf'),
(92, 83, '63e391cac32425cf06c20342d5c5cae8.pdf'),
(93, 84, '947de6df4fcaaeab9fbb5429d5f509e7.pdf'),
(94, 85, 'e26b411f518c03bc294fd1b08eeb2d99.pdf'),
(95, 85, 'b7fc9c97c59a66a0e23254c51e2f48cd.pdf'),
(96, 86, '8194be213aee6089043ab8cd5976f64e.pdf'),
(97, 87, '7b2d6ca0607d919e20e3f609844f5cde.pdf'),
(98, 88, '9ab3fb111ed327ec016cb6622944e315.pdf'),
(99, 89, '9eb7bcf331f32a7bdf0fb7194e84051f.pdf'),
(100, 91, 'fdba14fd17efa6cb8c9c85274c74c5d6.pdf'),
(101, 93, 'c000c70e09f3f5501ee220aec02838a3.pdf'),
(102, 97, 'f4d2f2bc0582cd4e8dd1066e7412294e.pdf'),
(103, 98, '8a386d35afdb44ede4d0856b30979e3f.pdf'),
(104, 99, '1d3a758644d07067b7f66ccbdb59ff91.pdf'),
(105, 104, '195084e154b236a4688668d9e26a4d92.pdf'),
(106, 105, '0971acf8c2c05450c819469faba4bbc0.pdf'),
(107, 106, '74d3bb69041b444893d1cab0631a84cf.pdf'),
(108, 107, '0c99eff222df1ac9f39846fed85efac4.pdf'),
(109, 107, '451bb7fec93673db6d5cf68601746b6b.pdf'),
(110, 108, 'a5df15ac676b8d89eb8362137ff70b26.pdf'),
(111, 109, '8597f475d2dab09c75af622499ce0526.pdf'),
(112, 110, '32866fbd1b4b82473a5c34834ff9cb2a.pdf'),
(113, 111, '5bd85816593a96daa2068f78cb5c16e1.pdf'),
(114, 112, '329a4df399038f382ac0e3ca177478e8.pdf'),
(115, 113, '29e80f512bf801613b8b594d4a160b58.pdf'),
(116, 114, 'b8c2d7c5f5b07f8d4a2ca6b2904c9d31.pdf'),
(117, 114, 'f45ad5e49591297457d25bbe4782f453.pdf'),
(118, 115, '56e36c6f000ae08da573f580e89d21cd.pdf'),
(119, 116, '597b05695779163ca03eb5ab8283b45b.pdf'),
(120, 117, '362db0cfb7332beacf0ef8d98997d50a.pdf'),
(121, 118, '7e241246e56d02e9259eea80429452b6.pdf'),
(122, 119, '36d2e3a98509265e1c2b06a06fbc2504.pdf'),
(123, 120, 'f78c4a107c738586c69c2a5dbf7adf80.pdf'),
(124, 121, '2973b23282fd48cb30ebb049a9149c02.pdf'),
(125, 122, 'cfb685591c09d11251ec55618e6c6b91.pdf'),
(126, 123, '5e40288d262f6abacd788bcfee80ca82.pdf'),
(127, 124, 'b8a9ba1a753f5dd8e90ef0df3643bc90.pdf'),
(128, 124, '9f0bb011d483bf9d0ecc4180ad7bb411.pdf'),
(129, 125, 'f212d4c84d8b737454d8487717dc2bd5.pdf'),
(130, 125, 'b256a240e3b31a059a2a156581436d52.pdf'),
(131, 126, '07cb1d17c007367cb65c599bd87e01b0.pdf'),
(132, 126, '4cfc6dc556ba6e7064c9a25f8f85bcf6.pdf'),
(133, 127, '6a5db6bc15173859310e9e467cba7658.pdf'),
(134, 128, '1046f1a1a907823484047fb555259d99.pdf'),
(135, 129, '978af669e84fef662238b43a7876a2ba.pdf'),
(136, 130, '22baee6ff7a31887b664286323e2741d.pdf'),
(137, 131, 'bb948b83a689be3033fa6e88d587baf8.pdf'),
(138, 131, '0a2dca8d8debd8363177da731e9fb050.pdf'),
(139, 131, '2ddfa4ca872a00b5c176aa5983d09c82.pdf'),
(140, 132, '925de3bd6ee714f4fafc05fcc5886f9c.pdf'),
(141, 132, '54b09d8cc84cd25df517aa6181296505.pdf'),
(142, 133, '5c4a0b42ab561e6feafee0d7fa12b8da.pdf'),
(143, 134, '902dc2858ae007bd0b238e9368873acf.pdf'),
(144, 134, 'b6078420b847389620ed0dc7496bf520.pdf'),
(145, 135, '32274527026d8fe8c4bcea39d3d37917.pdf'),
(146, 136, 'da45b7e23d9b3f67bf6cefaf7c2e4233.pdf'),
(147, 136, '46199d1420cd533d89354bbb2c0c0117.pdf'),
(148, 137, 'e9d35d688a9511222f2b299c94541c60.pdf'),
(149, 139, 'c601dfc131da860bbdd71c4d9ad4498a.pdf'),
(150, 144, 'f04b8acbf28cc875d563a34c463a4a64.pdf'),
(151, 146, 'd50c5342f8d7649de2fc9ee18d57ba34.pdf'),
(152, 149, 'adc1b1d9a18f1c85e12d45e6cfd0d9d5.pdf'),
(153, 151, 'f1044e3abe840734c817ad8e20f44ea5.pdf'),
(154, 156, 'c4984e56270b5fdec4377e862231e28a.pdf'),
(155, 158, '829166a19a03ee3a0848231d57b92b51.pdf'),
(156, 159, 'bf56942bf1c050f94a0e49a686e3af9a.pdf'),
(157, 160, 'eba0757e2842b739ea5fa19e2bddeada.pdf'),
(158, 161, '2a2b135dda4c0dcfcbf09207636d6aa1.pdf'),
(159, 162, '5f4af6f055c38ea42e7af7cba13b96ef.pdf'),
(160, 164, '9171b4dd4f801dc2c8f1f0367e7132dd.pdf'),
(161, 52, '4a281f0cc0f2fdb4a60e173eab715b54.pdf'),
(162, 32, 'd13e37a807c7f590a708ab062698adaa.pdf'),
(163, 174, '24f096737fc12569e247a0df0a7a5bb4.pdf'),
(164, 175, '2591bb7bc0e97a3b35ebb6e167b29ad1.pdf'),
(165, 176, '158ecad691f7a2601a891ed645ddac26.pdf'),
(166, 177, '0235f3d4f4b7cb02bdda6f01adc6dc06.pdf'),
(167, 178, '20926a4dc49f0b4c8326e105e3fd0913.pdf'),
(168, 179, 'e2c6de1771aa26a8fe487b646bd02283.pdf'),
(169, 181, '0bcc6ba0173268a2abb7cd35251eeaaf.pdf'),
(170, 182, 'e9c4032f90ff5cd4664eee9a6f1a9f6a.pdf'),
(171, 183, 'c0000b36216f3dd391ff6f824cef64dd.pdf'),
(172, 184, 'e8baac1a46c55c53a8a906f65f28267e.pdf'),
(173, 185, '5796fda768e27e261890674d899d490d.pdf'),
(174, 186, 'c8e43855c31d435a122bea671d66ee20.pdf'),
(175, 187, '1bcc1a071d11c07b41846bf226f17c53.pdf'),
(176, 188, '25fbb895b3af13f66cd14ab88d6145de.pdf'),
(177, 190, '7d9d479ba54e4fbbb2bf4343404111f3.pdf'),
(178, 191, 'd0e8ba3f81434c53910445491675cdd5.pdf'),
(179, 192, '10695a5ac1aee7f6b9e697a3f57a9b1a.pdf');

-- --------------------------------------------------------

--
-- Table structure for table `tbl_members_visa_images`
--

CREATE TABLE `tbl_members_visa_images` (
  `id` int(11) NOT NULL,
  `member_fk` int(11) DEFAULT NULL,
  `image_url` varchar(255) DEFAULT NULL
) ENGINE=InnoDB AUTO_INCREMENT=217 DEFAULT CHARSET=utf8;

--
-- Dumping data for table `tbl_members_visa_images`
--

INSERT INTO `tbl_members_visa_images` (`id`, `member_fk`, `image_url`) VALUES
(1, 1, '7d0bb221751fdb5c668a9ab7bd1ece21.jpg'),
(2, 1, '6e85e1e4866ef8d35632001be792214c.png'),
(3, 3, '1afe651f08486e1f66c391a595f35363.pdf'),
(4, 3, 'b2612a58b0fc9607b13cd611913ee514.pdf'),
(5, 4, '980becd31aa12af2da9532a4e2cfb127.pdf'),
(6, 5, '9425324416b5ee0f3ca98709629e2c49.pdf'),
(7, 7, '269670e64f93c6d6628fe4123830fc93.pdf'),
(8, 10, 'eb0cb0939fec48e56381d89d2067db65.pdf'),
(9, 11, 'a46953b2cce36059f3b3d5566e18281d.pdf'),
(10, 11, '118b34400dd7b0ed1ff8de1648307628.pdf'),
(11, 13, 'd2a6d31e641b44733541b3fae3a6ec3b.pdf'),
(12, 13, 'b48d05913c6acf46493c913a7e743315.pdf'),
(13, 13, '2ac562c08a1b09cbc5c9b9723252e9a1.pdf'),
(14, 14, '9e0de6e8cdc09f3d8f5932917d0d7f06.pdf'),
(15, 14, 'd0924d90f364fd272f4a890c6358068e.pdf'),
(16, 15, 'ca9484c72db074e25b483b1d4b2bf058.pdf'),
(17, 15, 'f5ef305a82f86ce89a70a2d79c17f5db.pdf'),
(18, 16, '7b973e9d643525e8ce8f813b12b6a753.pdf'),
(19, 16, '837e2e0cb70830cfba59c3b683107f9d.pdf'),
(20, 16, 'ccba12762b9f527d362fd6e787e56625.pdf'),
(21, 17, '0a80c41ba4f0629e8106914430f62463.pdf'),
(22, 17, '4641acb9730fa0e7f3542daed9682b0e.pdf'),
(23, 17, 'ea6ae975f565a84c75ceec0bc984a5be.pdf'),
(24, 17, '2a4c74248d161773c37c4c8331ccb222.pdf'),
(25, 22, 'fa6c865c9b0670cf1535a7535bd1e23e.pdf'),
(26, 22, '0215ca54d88117bc2cb2a58f08aa8e68.pdf'),
(27, 23, 'a1a5a96fdcf20f317d248242e906a9a2.pdf'),
(28, 23, '4a39170ebfba2f830a3caf226b4c9e5f.pdf'),
(29, 24, '71f15569e77aaf41543174a222f9f50d.pdf'),
(30, 24, 'c6f9dcd0e3b31261db08e850adbc5001.pdf'),
(31, 25, '3d3f82fece7c47f2d7817e8a5840576c.pdf'),
(32, 25, '1709f551a29e2c18cbf1b4435ef7c386.pdf'),
(33, 26, '63cb26eb199d60ae7851a8611d5a5529.pdf'),
(34, 26, '040640a1d8989dd57446ff4abea47d2a.pdf'),
(35, 27, 'd61a08d268f487b02bf8a0d5c9eda7e1.pdf'),
(36, 27, 'b0c4d3b855cd587cc4d6356a4f183dcd.pdf'),
(37, 27, '6ecebb53deb48e78ada71c6eb120edb5.pdf'),
(38, 28, 'cfd8187c680d5b8e2d0bb825af53a609.pdf'),
(39, 28, '410f0829893af984e6119fba4566b734.pdf'),
(40, 29, 'c4b8b167e002a139e46a29e058868b5a.pdf'),
(41, 29, '24045171814b275300a369f1ad0d3f58.pdf'),
(42, 29, '3e4996f76ff8de27539dbb49e877cd97.pdf'),
(43, 31, '7417fae3250ba53741fec8d311508309.pdf'),
(44, 31, '86de187370b0655bde93d8ddaa7a7b0a.pdf'),
(45, 32, '19e0510851431579bc1c9dd4dbcb00c6.pdf'),
(46, 32, '4017bcabacfd9181160bb1f90039b81a.pdf'),
(47, 32, '2185fcfd2786eb69bf9c0a7c6e46b36d.pdf'),
(48, 33, 'eca14ea5677545efc8bcdeb3a43525af.pdf'),
(49, 33, '9d91313280f00766bc53b618a82487da.pdf'),
(50, 34, '0825eb524adbf12e512b332158cf5762.pdf'),
(51, 34, '4a49e7dc0dabcdef60379d4ba580f806.pdf'),
(52, 35, 'da2814d2e956bf25fbed033beecc21ab.pdf'),
(53, 35, '0face72e18294137033d3b7bddec20f4.pdf'),
(54, 36, '67651694c484652b1635cd9ad8bcc6f9.pdf'),
(55, 37, 'e03aeffa2883ed86cd66a37b1066d486.pdf'),
(56, 37, '931478f99f85cd577ff14ba86b377aea.pdf'),
(57, 39, 'cfe12566c08c1e998eec134df6dcaf82.pdf'),
(58, 40, 'd1d7e86700fef4995574c35fea79a6fc.pdf'),
(59, 40, '6c5cc61809c70308e4b5ffd8f7b4db3d.pdf'),
(60, 41, '0d6a8718bb939475f38c893ee34ff60b.pdf'),
(61, 42, '2c9556a8b9aecb4e7332c300a3a3a861.pdf'),
(62, 43, 'b458d68d51152d9a014de659768ceb20.pdf'),
(63, 44, '3d1e824a618afefe45666f5ab62e159c.pdf'),
(64, 45, 'de827b9f545f343467b78576232910ac.pdf'),
(65, 47, 'd0e0ab682af60c8cdae4fa81709fa9cf.pdf'),
(66, 49, 'cd91d3da52f89dd773d78af62c09a685.pdf'),
(67, 50, '31e7da3118fe6d71882c4c42259ac457.pdf'),
(68, 52, '56d78c0cd363d75691080fae288a7822.pdf'),
(69, 53, '53531f67fe8be8ceb16a5636b5658096.pdf'),
(70, 54, '9fb74175ab6e311923f9bbe8acc6c024.pdf'),
(71, 54, 'cf8dc0a27f5e219ca78246b5c0442336.pdf'),
(72, 55, '26e4f5816615fbf92ae1a5fdc42da8db.pdf'),
(73, 56, '338d1c10ed75b3471cfff475877eb5bc.pdf'),
(74, 57, '419ad0d866663f3ffa0e9bb3c92f3ba8.PDF'),
(75, 57, '83e19dcd4373de1af82b5ed35a8e4539.PDF'),
(76, 58, 'cb8d95248702a7aef88009b846c302b4.pdf'),
(77, 58, '734ba8944c5e9bbb2f23148b487aebed.pdf'),
(78, 58, '89d9957afaa6d7b705dccef4f7d44795.pdf'),
(79, 58, '5ee880873a6832d3ef35082929660819.pdf'),
(80, 58, '0a5ee1bbe35044b9606d662c04a4956b.pdf'),
(81, 58, 'd5612e3bf9027615b652b64c7e7067c5.pdf'),
(82, 58, '5c006f18d742f47aae2a001aeb316347.pdf'),
(83, 59, '27cc2ef70f99844dc84c1327d0ef4ffc.pdf'),
(84, 60, '29bc53bbd99827bc8dbb0ae5229bed78.pdf'),
(85, 60, 'ba3b193d25539f44bea91d7c9196bf4c.pdf'),
(86, 60, 'ffd8e13ad0e0ec0b59f637d3d0964ea1.pdf'),
(87, 61, 'dda2b0197adfd88bf89e9acf325a4a58.pdf'),
(88, 61, '969108efd0fd3cb8aed79b98c00fc976.pdf'),
(89, 61, 'b30eb4a801efcc30c90b1c1423ab9d77.pdf'),
(90, 62, '472606bac39825a18b88fa6675110f69.pdf'),
(91, 68, '907da899aa1dd5482a5c8301dc273f5a.pdf'),
(92, 69, '8b8375ca17df10e0fb28133f5c10e819.pdf'),
(93, 72, '46a5a2ccf2a8834e9e9beb79cb1f3f9d.pdf'),
(94, 72, '501490f116a5ada320b00a27e523f24f.pdf'),
(95, 73, 'cc8c07a9d226a119e03226745112aabe.pdf'),
(96, 74, '94c788c7cda9d9a4fde117437c59cff9.pdf'),
(97, 75, '980fd9b785842088c6a071c484eaa3b8.pdf'),
(98, 75, 'c6edd41966aeaeaf5c2ab6155faac308.pdf'),
(99, 75, 'ff67dcd43cfa25eb1565b2662ddd9ada.pdf'),
(100, 76, '389395c9d6b85ac835fc231b8c34dbf6.pdf'),
(101, 76, '672aa276ef0ab7e66904ac8d084050e0.pdf'),
(102, 77, '9c065c61b7b98df3d1b261e259e9bd8d.pdf'),
(103, 77, '806cc57d5e50f721a12debba2e02aee1.pdf'),
(104, 77, 'a779f4c3d6193fe3ed50452fc5e1f506.pdf'),
(105, 78, '7dd8d42426d43c645a0de25d297fe88c.pdf'),
(106, 78, 'ac3f13ab11bbc18ca95b776232e42979.pdf'),
(107, 78, 'bd90b804ea37008aba6f144310e62236.pdf'),
(108, 79, '6b3f1e69e53bea6641f3a7d4daf0434a.pdf'),
(109, 80, 'be87152151c2b40f6a7fbef60aea091d.pdf'),
(110, 81, '89bd16ebb6068efc578a102cfb6477ea.pdf'),
(111, 81, 'ce7d34996e4bbe65ea90a84470153e5f.pdf'),
(112, 81, '71ccf4768555307891d7b401535bffe5.pdf'),
(113, 82, '413ec1ee5e00e471c7795df7e13d3c4e.pdf'),
(114, 83, 'b819746b896f4414f2c44f2ca420afb7.pdf'),
(115, 84, 'd0fa626f0892648496b29d6d015b9fe8.pdf'),
(116, 85, '7a014c43474bd0e6cab9b74794027eb3.pdf'),
(117, 85, 'd338562a02a7c7a69cd47086a297e83f.pdf'),
(118, 86, '8afde1e85b8af1ce29eaa04839288060.pdf'),
(119, 86, '2551b8c13f6d654b364fabfebf16be03.pdf'),
(120, 87, 'e14237269527a8591f037d806b403d0c.pdf'),
(121, 88, '6c48e48b186f3813f034520c47813a2d.pdf'),
(122, 89, '62087f3b1c8517a2c631cc847a966e08.pdf'),
(123, 89, '6ba9e5870ef2920198bda09be5bcf6ee.pdf'),
(124, 90, '366a2dbe2c678c42754781a5a9ebb001.pdf'),
(125, 91, '4baeb45e526ec87eee9444d6dd89315d.pdf'),
(126, 93, 'a8f2027d819c18f784b13108c942597c.pdf'),
(127, 95, '6fe348910e941c54c8ee2bb8e9eca84c.pdf'),
(128, 95, '625617b4441e44861227c5aab07580b5.pdf'),
(129, 97, 'b44527adb882205c8ff9f19b5e8357cd.pdf'),
(130, 98, 'a566ffba99ccb2b6595ced89c49ae23e.pdf'),
(131, 99, 'a256d29b3858a3226892b3e0fa63afc5.pdf'),
(132, 100, '924cf0e4f444820eb06804e3d0630cfb.pdf'),
(133, 104, 'a51be02bab2de10d70e798c688b97f6d.pdf'),
(134, 105, '40bcc253eb891c82a034450a104464d3.pdf'),
(135, 106, 'c08639b33491dc189a49eba88fca5234.pdf'),
(136, 108, 'ae3d8e608eb2590e90635210edcb94e7.pdf'),
(137, 109, '9eea77a3f58017b06e83116a84944e10.pdf'),
(138, 110, '64eb0070c076876a1ac0a7963a746e50.pdf'),
(139, 111, 'f88b9ae217cb9c824243ab3819376247.pdf'),
(140, 112, 'f1089a3807110258d1087377ca6eba19.pdf'),
(141, 113, '42d435484ca310e865aba0d0bfebb910.pdf'),
(142, 114, '1b96659529ec70dc240eb4cad21edff4.pdf'),
(143, 115, '9db0b916866940b4489073b699af6267.pdf'),
(144, 116, 'aa9a7bfdedfa53cfe910b44db4f784b6.pdf'),
(145, 116, '3faaf870752d4871492cea17fc847f9c.pdf'),
(146, 117, 'edfd495bfa0e92ae59299e5af206e177.pdf'),
(147, 118, 'c8588ad4c2293fa969bab91219742ec0.pdf'),
(148, 119, '7254c89ff97b4d2ff330dac235f1359a.pdf'),
(149, 120, '2bdacc2205bb5cf0af0c2ef2eed58977.pdf'),
(150, 121, '224030e8106d210f7f7f11fa208fe85d.pdf'),
(151, 122, 'a462e3f7c3cf5ef33717b6d37e1a59b2.pdf'),
(152, 123, '5f5440249c77119a7e1a1a2f79bcb704.pdf'),
(153, 124, 'cec8eecf484abd4f40e9146451632453.pdf'),
(154, 125, '829c2437e1d9ba7958c274e3b484a137.pdf'),
(155, 126, '375d781894edc36ad934895ca63cdfc7.pdf'),
(156, 127, 'd90c137d084996372669260f9909168c.pdf'),
(157, 128, 'fe0823e44059732b96f424c33911b251.pdf'),
(158, 129, '02b4ae48fbf3e0c29c6b52579b9b6cab.pdf'),
(159, 129, 'df716177cf6589d1d75722c579bda995.pdf'),
(160, 129, 'bfeca4d4d2accb6994b179962338bb5c.pdf'),
(161, 130, 'dbf79e275697c28133b4b9499e69201f.pdf'),
(162, 131, '798e2835d30cbe9cfe1c597af68c30a2.pdf'),
(163, 132, '4d078640077dd0d9c81eb6b10cbf1139.pdf'),
(164, 133, '3900398a92f08130082f80edcffe4f08.pdf'),
(165, 134, '9ec32fc6e1e6ec5604caee1c652554d5.pdf'),
(166, 134, 'b2918ff7890226c80af1a404503e59db.pdf'),
(167, 135, '5f3896904bd0ca29f3d7d59197919882.pdf'),
(168, 135, '2627eaed29ca5f4ea9a843be5259d059.pdf'),
(169, 136, '7fb97f3ab387684d13687ab38cfc8cf4.pdf'),
(170, 137, '5108ef56cf9ddec9dc3857e8fd0609e9.pdf'),
(171, 139, '1b633837a7e1f988e1ddb246d441da5d.pdf'),
(172, 140, 'dc826847b6b65a520312641fb0a6143d.pdf'),
(173, 141, 'ede06583a9e23bf7d60a9cd46ac65404.pdf'),
(174, 142, '95bbdc9a1f985f5d024398a376e825d0.pdf'),
(175, 144, '226edd2f1b6b5bf5693e8e2a38cce347.pdf'),
(176, 146, '598a1396f06cd3942c7f2ef2c97161db.pdf'),
(177, 147, 'ed27a854828b140d7d1e4383a8997d53.pdf'),
(178, 149, 'b645612a66f7ff02d9371fe44329de6d.pdf'),
(179, 150, '63f5a5ca008c678306d04a4069fc49d1.pdf'),
(180, 151, '6ed1a4430a08a3a75be2c84e6292c7c7.pdf'),
(181, 152, '450545c2ebae16089723b36f39872f99.pdf'),
(182, 155, '4cbb0114701539beee41eb4a00c1c003.pdf'),
(183, 156, '2bc41649c5c7373b1c426ac093bc839e.pdf'),
(184, 157, 'b6e42e9fad68c603cf34408471ea8c32.pdf'),
(185, 158, '1ceaa6e7d1b26a22d7e6ecb3692ddb97.pdf'),
(186, 159, 'be2cd1bfa65c0a7575855108933ad1eb.pdf'),
(187, 160, '391d69fd5d477b65de5acb009867e340.pdf'),
(188, 161, '1bc473ff54119eb41c2d7b826352e6e0.pdf'),
(189, 162, '679e8c98f17c10b053d27abe31c0fd5f.pdf'),
(190, 164, 'cc6ac3667bb06081aa77b031cfd499c5.pdf'),
(191, 23, '56d4e1fd792d6f1f9bd91e7f9450fe02.pdf'),
(192, 18, '17d125933e25b5d7fd79a53c94a8677b.pdf'),
(193, 25, '18ba5b4a8bec13570569903bf9b1240e.pdf'),
(194, 31, 'a8c82f887c6eac77df3fc3f7417fe3f2.pdf'),
(195, 34, '880bf8bb1f6f271c6f6347b518c61f8b.pdf'),
(196, 28, 'f1882e7563b0cbf357ca79e1bcf30a11.pdf'),
(197, 26, '8b8345b0e7eb03167e75f71a763b65c6.pdf'),
(198, 24, '5cc2689701a3dd0c281fdc492288ee81.pdf'),
(199, 175, '6ae905c16b3fc4b2e5a97515a5463af2.pdf'),
(200, 176, 'fe879034388a3e6f1a7bfbe743fd5af5.pdf'),
(201, 177, '9c51af852936bb947283fa131e3ad50a.pdf'),
(202, 178, 'fef1724a7d3cb29db2915b44b4c1397c.pdf'),
(203, 179, '754ca632967f912c9e8717913ede3f13.pdf'),
(204, 181, 'f617a64782620701b9284f0c4f677583.pdf'),
(205, 182, '2dcae3b6cf9943750a7eaaafc7d4d4c8.pdf'),
(206, 183, '125c3ee400e5f08e476b1f862661b441.pdf'),
(207, 184, '7a7f24e21cccacc409c34dbd909333d5.pdf'),
(208, 184, '14e1177f1dda1cb55dba59383826c207.pdf'),
(209, 185, '5bbf17dfdc6d662d1e98c915ae7dfe78.pdf'),
(210, 186, 'b10212523dde903ee0eb0686d396d620.pdf'),
(211, 187, '49f7621ce9419d1d5d6bb237041e3979.pdf'),
(212, 188, 'be3462c88754c16984d059da8ec1dc98.pdf'),
(213, 189, '4072d7a7000b42643cbec3e6b00aac93.pdf'),
(214, 190, '506ae0e03d0267772a861899a13d9020.pdf'),
(215, 191, '4a93294b098a5a653de084e84a35d6f3.pdf'),
(216, 192, 'a0fb7a95f6166a45e76b2129799d361a.pdf');

-- --------------------------------------------------------

--
-- Table structure for table `tbl_messages`
--

CREATE TABLE `tbl_messages` (
  `id` int(11) NOT NULL,
  `from_fk` int(11) NOT NULL,
  `to_fk` int(11) NOT NULL,
  `message` text NOT NULL,
  `attachment_url` varchar(255) DEFAULT NULL,
  `label` enum('Inbox','Trash') NOT NULL DEFAULT 'Inbox',
  `is_read` enum('Y','N') NOT NULL DEFAULT 'N',
  `created_on` datetime NOT NULL
) ENGINE=InnoDB AUTO_INCREMENT=2 DEFAULT CHARSET=utf8;

--
-- Dumping data for table `tbl_messages`
--

INSERT INTO `tbl_messages` (`id`, `from_fk`, `to_fk`, `message`, `attachment_url`, `label`, `is_read`, `created_on`) VALUES
(1, 0, 2, 'hi', NULL, 'Inbox', 'Y', '2017-01-18 01:46:07');

-- --------------------------------------------------------

--
-- Table structure for table `tbl_users`
--

CREATE TABLE `tbl_users` (
  `id` int(11) NOT NULL,
  `first_name` varchar(300) COLLATE utf8_unicode_ci NOT NULL,
  `last_name` varchar(300) COLLATE utf8_unicode_ci NOT NULL,
  `username` varchar(200) COLLATE utf8_unicode_ci NOT NULL,
  `email` varchar(200) COLLATE utf8_unicode_ci NOT NULL,
  `uniq_token` varchar(350) COLLATE utf8_unicode_ci NOT NULL,
  `hash_key` varchar(300) COLLATE utf8_unicode_ci NOT NULL,
  `read_pass` varchar(200) COLLATE utf8_unicode_ci NOT NULL,
  `status` enum('Y','N') COLLATE utf8_unicode_ci NOT NULL DEFAULT 'Y',
  `created_on` datetime NOT NULL,
  `updated_on` datetime NOT NULL
) ENGINE=InnoDB AUTO_INCREMENT=2 DEFAULT CHARSET=utf8 COLLATE=utf8_unicode_ci;

--
-- Dumping data for table `tbl_users`
--

INSERT INTO `tbl_users` (`id`, `first_name`, `last_name`, `username`, `email`, `uniq_token`, `hash_key`, `read_pass`, `status`, `created_on`, `updated_on`) VALUES
(1, 'Aneesh', 'Ponnappan', 'admin', 'aneesh.anniyan@gmail.com', '15f387f25bdf62171eb59ff02ed48d39', '4c9cae97c8055e4e7cc4ca8f5ff38afd', '03tPwHUh4Mz8', 'Y', '2015-08-10 00:00:00', '2015-08-10 00:00:00');

--
-- Indexes for dumped tables
--

--
-- Indexes for table `tbl_admin_logs`
--
ALTER TABLE `tbl_admin_logs`
  ADD PRIMARY KEY (`id`);

--
-- Indexes for table `tbl_clubs`
--
ALTER TABLE `tbl_clubs`
  ADD PRIMARY KEY (`id`);

--
-- Indexes for table `tbl_club_logs`
--
ALTER TABLE `tbl_club_logs`
  ADD PRIMARY KEY (`id`);

--
-- Indexes for table `tbl_members`
--
ALTER TABLE `tbl_members`
  ADD PRIMARY KEY (`id`);

--
-- Indexes for table `tbl_members_sponsor_images`
--
ALTER TABLE `tbl_members_sponsor_images`
  ADD PRIMARY KEY (`id`),
  ADD KEY `id` (`id`);

--
-- Indexes for table `tbl_members_visa_images`
--
ALTER TABLE `tbl_members_visa_images`
  ADD PRIMARY KEY (`id`),
  ADD KEY `id` (`id`);

--
-- Indexes for table `tbl_messages`
--
ALTER TABLE `tbl_messages`
  ADD PRIMARY KEY (`id`);

--
-- Indexes for table `tbl_users`
--
ALTER TABLE `tbl_users`
  ADD PRIMARY KEY (`id`);

--
-- AUTO_INCREMENT for dumped tables
--

--
-- AUTO_INCREMENT for table `tbl_admin_logs`
--
ALTER TABLE `tbl_admin_logs`
  MODIFY `id` int(11) NOT NULL AUTO_INCREMENT,AUTO_INCREMENT=81;
--
-- AUTO_INCREMENT for table `tbl_clubs`
--
ALTER TABLE `tbl_clubs`
  MODIFY `id` int(11) NOT NULL AUTO_INCREMENT,AUTO_INCREMENT=17;
--
-- AUTO_INCREMENT for table `tbl_club_logs`
--
ALTER TABLE `tbl_club_logs`
  MODIFY `id` int(11) NOT NULL AUTO_INCREMENT,AUTO_INCREMENT=238;
--
-- AUTO_INCREMENT for table `tbl_members`
--
ALTER TABLE `tbl_members`
  MODIFY `id` int(11) NOT NULL AUTO_INCREMENT,AUTO_INCREMENT=193;
--
-- AUTO_INCREMENT for table `tbl_members_sponsor_images`
--
ALTER TABLE `tbl_members_sponsor_images`
  MODIFY `id` int(11) NOT NULL AUTO_INCREMENT,AUTO_INCREMENT=180;
--
-- AUTO_INCREMENT for table `tbl_members_visa_images`
--
ALTER TABLE `tbl_members_visa_images`
  MODIFY `id` int(11) NOT NULL AUTO_INCREMENT,AUTO_INCREMENT=217;
--
-- AUTO_INCREMENT for table `tbl_messages`
--
ALTER TABLE `tbl_messages`
  MODIFY `id` int(11) NOT NULL AUTO_INCREMENT,AUTO_INCREMENT=2;
--
-- AUTO_INCREMENT for table `tbl_users`
--
ALTER TABLE `tbl_users`
  MODIFY `id` int(11) NOT NULL AUTO_INCREMENT,AUTO_INCREMENT=2;
